,,,,,,,,,,,,,Strength of Schedule,,,,,,NCSOS,
Rk,Team,Conf,W-L,AdjEM,AdjO,,AdjD,,AdjT,,Luck,,AdjEM,,OppO,,OppD,,AdjEM,
1,Gonzaga1,WCC,28-4,+30.93,120.6,3,89.7,10,72.5,5,-0.039,271,+4.23,93,104.5,100,100.3,89,-2.88,248
2,Houston5,Amer,32-6,+27.74,116.8,10,89,8,63.6,338,-0.012,203,+5.93,74,105.4,80,99.5,59,+0.22,153
3,Baylor1,B12,27-7,+26.91,117.9,8,91,13,67.4,163,+.004,163,+10.87,14,107.3,40,96.4,7,-1.84,213
4,Kansas1,B12,32-6,+26.69,118.4,7,91.7,18,69.5,61,+.037,104,+12.02,4,107.5,30,95.5,1,+4.13,49
5,Arizona1,P12,33-4,+25.93,118.5,6,92.5,22,72.2,9,+.048,75,+6.43,70,105.8,70,99.4,58,-0.8,181
6,Kentucky2,SEC,26-8,+25.68,119.9,5,94.3,36,67.5,150,-0.043,279,+8.88,32,106.4,58,97.5,15,-2.72,240
7,Texas Tech3,B12,27-10,+25.50,110.6,42,85.1,1,66.5,219,-0.031,247,+10.87,13,107.6,24,96.8,9,-8.23,347
8,Duke2,ACC,32-6,+25.50,121,1,95.5,45,67.3,170,+.001,169,+7.84,52,107.6,27,99.7,67,-4.53,287
9,Villanova2,BE,30-7,+25.47,117.2,9,91.7,17,62.6,345,+.059,62,+11.14,11,108.9,7,97.7,20,+8.68,14
10,Tennessee3,SEC,27-8,+25.10,111.4,36,86.3,2,67.4,158,+.029,117,+11.41,9,108.4,9,97,13,+4.88,41
11,UCLA4,P12,27-8,+24.24,115.9,12,91.6,15,65.2,276,-0.029,245,+8.50,40,107.1,43,98.6,38,+3.77,62
12,Auburn2,SEC,28-6,+23.21,112.6,25,89.4,9,70.1,42,-0.021,226,+8.37,41,106.9,52,98.5,36,+3.73,64
13,Iowa5,B10,26-10,+22.73,120.4,4,97.7,80,69.7,53,-0.061,309,+7.33,61,107.1,45,99.8,69,-6.82,326
14,Purdue3,B10,29-8,+22.39,121,2,98.6,94,66.1,237,+.022,133,+8.85,33,108,19,99.1,50,-3.5,260
15,Texas6,B12,22-12,+20.74,112.3,27,91.6,14,63.8,336,-0.043,281,+10.57,16,107.6,25,97,12,-8.16,344
16,North Carolina8,ACC,28-9,+19.70,114.4,18,94.7,39,70.3,39,+.080,34,+8.99,29,108.3,12,99.3,55,+3.82,61
17,Saint Mary's5,WCC,26-8,+19.49,110,51,90.5,12,63.6,339,+.039,95,+6.86,65,106.8,54,99.9,71,+3.29,74
18,Arkansas4,SEC,28-9,+19.47,109.8,53,90.3,11,70.7,28,+.038,98,+9.09,26,107.4,32,98.3,30,-2.77,245
19,Virginia Tech11,ACC,23-13,+18.84,114.9,17,96.1,54,63.3,340,-0.062,310,+7.87,51,107.4,36,99.5,60,-0.49,173
20,Illinois4,B10,23-10,+18.76,112,30,93.2,29,67.2,178,+.033,110,+10.47,17,109,6,98.5,35,+1.40,123
21,Connecticut5,BE,23-10,+18.72,113.9,19,95.2,43,64.8,301,-0.038,269,+7.56,55,105.7,77,98.1,23,-3.56,262
22,LSU6,SEC,22-12,+18.64,107.2,89,88.6,6,68.6,101,-0.052,298,+9.10,25,107.1,44,98,22,-1.19,192
23,San Francisco10,WCC,24-10,+17.33,110.4,44,93.1,26,68.9,81,-0.042,277,+5.15,80,105.4,82,100.2,87,+2.18,98
24,Memphis9,Amer,22-11,+17.23,111.1,38,93.9,33,69.9,49,-0.028,242,+7.44,59,106.3,60,98.9,46,+4.46,45
25,San Diego St.8,MWC,23-9,+16.96,103.3,167,86.4,3,65.4,268,-0.003,183,+5.86,75,105.4,81,99.5,61,+2.57,93
26,TCU9,B12,21-13,+16.87,108.6,74,91.7,16,65.9,246,+.014,144,+11.62,7,107.8,20,96.2,5,-4.99,298
27,Michigan11,B10,19-15,+16.63,113.8,22,97.2,73,66.7,203,-0.019,217,+12.19,3,109.8,1,97.6,16,+6.23,28
28,Alabama6,SEC,19-14,+16.56,115.1,16,98.6,93,71.9,11,-0.022,229,+12.58,1,109.4,3,96.8,10,+10.16,10
29,Loyola Chicago10,MVC,25-8,+16.53,108.5,75,92,19,64.7,308,+.012,149,+3.14,104,104.6,97,101.5,113,+3.18,78
30,Oklahoma,B12,19-16,+16.36,110.9,40,94.6,38,65.1,287,-0.054,301,+11.63,6,107.4,35,95.8,3,-2.02,223
31,Ohio St.7,B10,20-12,+16.31,115.6,13,99.2,111,65,289,-0.017,213,+9.90,19,108.2,13,98.3,29,+2.40,95
32,Providence4,BE,27-6,+16.00,111.5,34,95.5,44,65.2,277,+.164,1,+7.87,50,106.7,55,98.8,44,+0.28,151
33,Texas A&M,SEC,27-13,+15.69,109.1,66,93.4,31,66.7,202,-0.01,198,+7.35,60,106.1,66,98.8,43,-5.57,308
34,Wake Forest,ACC,25-10,+15.57,110.7,41,95.1,42,70.6,30,-0.001,176,+4.32,92,106.2,62,101.9,116,-9.36,350
35,Oklahoma St.,B12,15-15,+15.47,103.7,162,88.2,4,67.6,142,-0.074,327,+11.70,5,108.1,15,96.4,6,+0.28,150
36,Murray St.7,OVC,31-3,+15.43,111.5,35,96,52,66.1,241,+.074,44,-3.07,217,101,226,104.1,212,+4.31,47
37,Wisconsin3,B10,25-8,+15.36,109.3,62,93.9,35,66.5,215,+.105,15,+9.80,20,108.4,10,98.6,37,+2.95,85
38,Notre Dame11,ACC,24-11,+15.24,112.3,28,97.1,68,65.7,258,+.017,141,+7.81,53,107,47,99.2,53,+2.71,90
39,Boise St.8,MWC,27-8,+15.04,107.4,87,92.4,21,64.5,318,+.029,116,+5.39,79,104.6,96,99.2,54,+0.54,141
40,Davidson10,A10,27-7,+14.86,116.7,11,101.8,154,64.7,307,-0.02,221,+1.74,115,102.6,164,100.9,104,-1.95,219
,,,,,,,,,,,,,Strength of Schedule,,,,,,NCSOS,
Rk,Team,Conf,W-L,AdjEM,AdjO,,AdjD,,AdjT,,Luck,,AdjEM,,OppO,,OppD,,AdjEM,
41,Michigan St.7,B10,23-13,+14.78,111.8,31,97,66,67.5,148,+.052,69,+10.96,12,109.3,4,98.4,32,+3.92,56
42,Miami FL10,ACC,26-11,+14.77,113.8,20,99.1,109,67.7,134,+.088,27,+8.63,35,107.4,34,98.8,42,+0.39,144
43,Iowa St.11,B12,22-13,+14.52,103,171,88.5,5,66.3,226,+.049,74,+11.16,10,108,18,96.9,11,-6.82,327
44,Dayton,A10,24-11,+14.45,109,68,94.6,37,63.1,344,-0.039,270,+2.08,112,103.6,129,101.5,114,-1.87,216
45,Washington St.,P12,22-15,+14.43,107.6,82,93.2,28,66.3,224,-0.084,338,+5.07,83,105.7,76,100.6,99,-3.4,257
46,Colorado St.6,MWC,25-6,+14.37,112.8,24,98.4,89,65.4,270,+.121,6,+4.95,87,104.9,89,99.9,73,-2.3,229
47,USC7,P12,26-8,+14.11,109.7,54,95.6,46,66.2,231,+.060,57,+5.12,81,104.8,90,99.7,66,-4.72,292
48,Indiana12,B10,21-14,+14.06,106.9,96,92.9,24,67.2,175,-0.02,223,+8.54,38,108.1,16,99.5,63,-6.18,319
49,Creighton9,BE,23-12,+13.91,106,112,92.1,20,67.1,181,+.086,28,+9.24,24,107.4,33,98.2,25,-0.68,177
50,Mississippi St.,SEC,18-16,+13.86,109.6,56,95.8,47,65.7,259,-0.087,341,+7.97,47,106.2,61,98.3,26,-1.61,203
51,Seton Hall8,BE,21-11,+13.75,107.1,91,93.4,30,67.3,168,+.033,111,+9.07,27,107.5,29,98.4,33,+1.00,131
52,UAB12,CUSA,27-8,+13.66,112.4,26,98.7,99,68.9,79,-0.035,256,-0.77,159,101.9,189,102.7,147,-2.47,234
53,Xavier,BE,23-13,+13.48,111.2,37,97.8,81,68.6,100,+.010,152,+8.05,44,106.4,59,98.3,28,+0.99,132
54,St. John's,BE,17-15,+13.23,110.4,45,97.1,70,73.6,1,-0.101,346,+6.87,64,105.8,72,98.9,47,-7.15,334
55,Vermont13,AE,28-6,+13.22,111.1,39,97.9,83,65,292,-0.028,241,-6.97,319,99,323,106,294,+1.96,107
56,Marquette9,BE,19-13,+13.17,109.3,63,96.1,55,70.9,25,+.021,137,+9.63,22,107.3,39,97.7,19,+4.02,52
57,North Texas,CUSA,25-7,+12.96,105.7,116,92.8,23,59.3,358,+.001,171,+0.27,137,103.7,124,103.5,179,+4.81,42
58,BYU,WCC,24-11,+12.91,110,50,97.1,71,68,118,+.026,120,+4.99,84,104.9,87,99.9,74,+5.73,31
59,Florida,SEC,20-14,+12.66,110.2,47,97.5,77,65.4,267,-0.018,215,+7.61,54,106,68,98.4,31,-2.32,232
60,SMU,Amer,24-9,+12.58,108.8,70,96.2,56,68.4,107,+.048,76,+3.12,105,104,113,100.9,106,-2.74,243
61,Utah St.,MWC,18-16,+12.54,109.7,55,97.1,69,66.8,199,-0.133,358,+4.52,91,104.7,93,100.2,86,+3.29,75
62,Kansas St.,B12,14-17,+12.47,109.5,58,97.1,67,66.6,213,-0.092,344,+11.55,8,107.2,41,95.7,2,-4.35,282
63,VCU,A10,22-10,+12.32,101.1,209,88.8,7,68.6,95,+.059,60,+5.69,77,106.1,64,100.5,91,+5.50,35
64,Vanderbilt,SEC,19-17,+12.27,107.2,90,94.9,40,67.8,130,-0.053,299,+8.60,36,107.1,46,98.5,34,-0.8,182
65,Wyoming12,MWC,25-9,+11.84,109.1,67,97.2,74,66.1,239,+.056,65,+4.01,96,104.6,98,100.6,100,-1.06,188
66,West Virginia,B12,16-17,+11.62,108.2,77,96.6,63,68,122,-0.001,178,+12.41,2,108.3,11,95.9,4,-0.33,168
67,Chattanooga13,SC,27-8,+11.53,108.9,69,97.4,76,64.8,304,+.007,158,+0.49,131,105.1,85,104.6,240,+1.75,111
68,Syracuse,ACC,16-17,+11.49,115.4,14,103.9,207,67.6,144,-0.065,316,+8.21,42,107.3,37,99.1,49,+3.34,72
69,Saint Louis,A10,23-12,+11.46,109.2,64,97.8,82,67.9,124,-0.021,224,+3.40,102,104.7,92,101.3,110,+2.34,96
70,Missouri St.,MVC,23-11,+11.40,113.1,23,101.7,151,67.2,180,-0.04,273,+0.78,128,103.8,122,103,158,-3,249
71,Clemson,ACC,17-16,+11.36,110.1,49,98.7,100,66.3,227,-0.083,335,+6.78,68,106.9,51,100.2,85,-0.4,169
72,Virginia,ACC,21-14,+11.22,107.6,85,96.3,59,59.5,357,+.025,125,+7.04,62,107.2,42,100.2,84,-4.02,275
73,Furman,SC,22-12,+11.03,113.8,21,102.8,174,64.8,297,-0.072,326,-0.19,145,104,115,104.2,221,+1.27,127
74,Towson,CAA,25-9,+10.92,109.6,57,98.6,96,64.8,302,-0.015,208,-1.96,190,101.7,204,103.6,187,-1.66,205
75,Rutgers11,B10,18-14,+10.84,106.9,97,96.1,53,64.9,295,+.001,173,+7.96,48,108,17,100.1,80,-10.39,354
76,Santa Clara,WCC,21-12,+10.77,111.7,33,100.9,133,70.8,26,-0.014,206,+2.30,109,102.9,158,100.6,97,-1.89,217
77,St. Bonaventure,A10,23-10,+10.72,109.1,65,98.4,91,65.8,254,+.100,18,+4.97,86,104.7,91,99.8,68,+1.67,113
78,Fresno St.,MWC,22-13,+10.65,104.4,148,93.8,32,61.6,355,-0.058,307,+1.09,124,103,151,101.9,117,-4.11,278
79,Colorado,P12,21-12,+10.61,106.5,109,95.9,49,67.4,160,+.041,88,+4.99,85,105.5,79,100.5,95,-7.64,339
80,New Mexico St.12,WAC,27-7,+10.59,107,93,96.4,61,66.1,238,+.085,30,+1.19,121,102.4,172,101.3,109,+3.45,71
,,,,,,,,,,,,,Strength of Schedule,,,,,,NCSOS,
Rk,Team,Conf,W-L,AdjEM,AdjO,,AdjD,,AdjT,,Luck,,AdjEM,,OppO,,OppD,,AdjEM,
81,South Dakota St.13,Sum,30-5,+10.56,115.3,15,104.8,217,69.5,62,+.054,67,-4.17,250,102.9,157,107,333,+3.58,68
82,Oregon,P12,20-15,+10.29,109.9,52,99.6,115,68,123,+.014,146,+7.45,57,106.2,63,98.7,41,+3.14,79
83,Maryland,B10,15-17,+10.07,109.3,61,99.3,112,66.6,211,-0.035,259,+9.05,28,108.4,8,99.4,57,-0.5,174
84,Drake,MVC,25-11,+9.48,108.8,73,99.3,113,66.3,228,-0.006,193,+0.71,129,103.6,126,102.9,156,-4.5,285
85,Richmond12,A10,24-13,+9.46,108.1,79,98.6,95,66.8,196,+.061,55,+5.09,82,105.5,78,100.4,90,+2.45,94
86,Belmont,OVC,25-8,+9.44,108.4,76,99,104,68.9,80,+.066,51,-1.95,189,101.5,213,103.4,173,+5.32,38
87,Northwestern,B10,15-16,+9.40,106.6,102,97.2,72,67.7,137,-0.077,331,+7.90,49,107.8,21,99.9,72,-10.98,357
88,Penn St.,B10,14-17,+9.33,105.2,130,95.9,50,62,354,-0.037,263,+9.43,23,109.4,2,100,76,-2.82,247
89,Iona,MAAC,25-8,+8.94,107.9,80,99,105,69.2,71,-0.006,192,-0.94,166,101.7,203,102.6,143,+3.66,65
90,UNLV,MWC,18-14,+8.70,107.5,86,98.8,101,66.3,230,-0.02,218,+4.14,95,104,116,99.8,70,+1.18,128
91,Northern Iowa,MVC,20-12,+8.45,110.6,43,102.1,162,67.3,171,+.040,90,+4.18,94,104.7,94,100.5,96,+4.38,46
92,Middle Tennessee,CUSA,26-11,+8.24,106.6,101,98.4,88,67.1,186,-0.014,205,-1.38,176,102.5,171,103.8,203,-1.15,189
93,Wichita St.,Amer,15-13,+8.10,103.9,159,95.8,48,67,192,-0.037,267,+4.61,90,104.6,99,99.9,75,+1.66,114
94,Grand Canyon,WAC,23-8,+8.09,104.6,143,96.5,62,65.5,265,+.009,154,-3.57,234,99.7,304,103.2,169,-7.02,331
95,Toledo,MAC,26-8,+8.06,110.1,48,102.1,160,68.9,85,+.039,93,-3.89,242,101.8,198,105.7,278,+2.13,102
96,Bradley,MVC,17-14,+7.99,104.8,140,96.8,64,67.2,176,-0.09,343,+1.23,120,103.6,128,102.4,131,-2.25,228
97,Arizona St.,P12,14-17,+7.91,101.1,208,93.2,27,67.3,169,+.005,162,+9.70,21,107.3,38,97.6,17,+8.35,18
98,Tulane,Amer,14-15,+7.80,108.8,72,101,135,68,120,-0.067,321,+4.66,88,104.2,110,99.5,62,-1.98,220
99,South Carolina,SEC,18-13,+7.55,101.5,202,93.9,34,70.5,32,+.105,16,+8.90,31,107.6,26,98.7,40,-0.15,160
100,Louisiana Tech,CUSA,24-10,+7.30,105.6,123,98.3,85,68.5,102,+.025,123,-0.5,153,102.8,159,103.3,171,+0.49,142
101,Cincinnati,Amer,18-15,+7.25,104.5,144,97.3,75,67.6,143,-0.051,295,+2.83,106,103.3,137,100.5,93,-5.58,309
102,Saint Peter's15,MAAC,22-12,+7.24,100.2,232,93,25,65.9,247,+.018,139,+0.27,136,103,149,102.8,150,+4.04,51
103,DePaul,BE,15-16,+6.89,107,94,100.1,122,68.8,91,-0.025,237,+6.79,67,105.9,69,99.1,48,-7.88,341
104,UCF,Amer,18-12,+6.26,106.6,103,100.3,127,67.5,154,+.054,68,+3.69,100,103.3,136,99.6,64,-3.64,264
105,Florida St.,ACC,17-14,+6.21,105.2,129,99,106,67.8,129,+.075,39,+7.98,46,109.1,5,101.1,108,+0.05,155
106,Stanford,P12,16-16,+6.05,105.1,131,99.1,108,65.8,252,+.075,41,+8.64,34,106.8,53,98.1,24,+1.49,121
107,Princeton,Ivy,23-7,+6.05,112.3,29,106.3,250,66.9,194,+.040,92,-4.01,244,100.9,233,104.9,249,-4.93,297
108,Mississippi,SEC,13-19,+6.02,105.7,120,99.7,117,65.2,278,-0.07,322,+7.44,58,106.1,65,98.7,39,-1.79,211
109,Minnesota,B10,13-17,+5.20,107,92,101.8,153,65.1,285,+.006,159,+8.90,30,107.7,23,98.8,45,-3.67,266
110,Washington,P12,17-15,+5.13,104,158,98.8,102,69.5,59,+.078,35,+5.79,76,105.8,71,100,79,-2.32,231
111,Wofford,SC,19-13,+5.07,106.5,107,101.4,147,64.2,325,-0.031,248,-0.23,146,104.3,108,104.5,237,-0.2,163
112,Western Kentucky,CUSA,19-13,+4.90,106.5,105,101.6,150,68.6,96,-0.033,252,-1.23,173,102.2,179,103.4,175,-1.28,196
113,George Mason,A10,14-16,+4.83,105.8,115,101,137,64.8,298,-0.108,348,+1.82,114,103.8,119,102,121,-1.26,194
114,Boston College,ACC,13-20,+4.54,104.5,145,99.9,120,64.9,294,-0.08,334,+5.61,78,105.7,74,100.1,81,-6.97,330
115,Temple,Amer,17-12,+4.48,102.1,193,97.6,78,66.4,223,+.083,31,+3.73,99,103.9,118,100.2,83,-1.66,206
116,Colgate14,Pat,23-12,+4.43,108.1,78,103.7,201,67.2,177,-0.076,329,-7.36,327,99.3,317,106.6,316,+2.14,101
117,Nevada,MWC,13-18,+4.42,106.5,108,102,159,70.2,41,-0.035,258,+6.80,66,106.1,67,99.3,56,+4.06,50
118,Morehead St.,OVC,23-11,+4.37,103.4,165,99,107,64.8,300,+.024,126,-3.05,216,100.7,247,103.7,196,+3.73,63
119,Utah Valley,WAC,20-12,+4.30,102.6,186,98.3,87,65.8,250,-0.011,202,-1.15,170,101.4,215,102.6,140,+2.14,100
120,Butler,BE,14-19,+4.05,102.6,185,98.5,92,63.9,334,+.008,156,+10.66,15,108.2,14,97.5,14,+2.03,105
,,,,,,,,,,,,,Strength of Schedule,,,,,,NCSOS,
Rk,Team,Conf,W-L,AdjEM,AdjO,,AdjD,,AdjT,,Luck,,AdjEM,,OppO,,OppD,,AdjEM,
121,Hofstra,CAA,21-11,+3.98,108.8,71,104.8,218,69,77,+.060,58,+0.23,138,103.9,117,103.7,190,+5.40,36
122,Liberty,ASun,22-11,+3.83,104.9,138,101,139,65.3,273,-0.034,254,-5.07,269,100.7,250,105.7,282,-0.64,176
123,Utah,P12,11-20,+3.81,107.3,88,103.5,190,66.2,235,-0.121,356,+6.05,72,105.3,83,99.2,52,-1.33,198
124,Stephen F. Austin,WAC,22-10,+3.80,102.2,190,98.4,90,69.2,72,+.030,115,-1.89,187,101.9,194,103.8,199,+3.09,80
125,Southern Illinois,MVC,16-15,+3.71,102.4,188,98.7,98,62.1,351,-0.071,323,+0.23,139,102.9,156,102.7,145,-5.74,311
126,Akron13,MAC,24-10,+3.64,105.6,122,102,157,62.1,352,+.013,147,-5.1,270,100.6,255,105.7,281,-4.45,283
127,Louisville,ACC,13-19,+3.58,102.9,173,99.3,114,67.1,188,+.001,172,+7.52,56,107.6,28,100,78,+1.56,118
128,N.C. State,ACC,11-21,+3.52,109.5,59,106,246,67,191,-0.076,330,+6.71,69,107,49,100.3,88,-3.17,253
129,Florida Atlantic,CUSA,19-15,+3.49,105.3,128,101.8,155,67.5,152,-0.108,349,-3.05,215,101.5,206,104.6,239,-6.77,325
130,Buffalo,MAC,19-11,+3.40,106.9,98,103.5,191,71.1,20,-0.033,251,-3.42,230,101.7,201,105.2,257,+5.37,37
131,Abilene Christian,WAC,25-11,+3.36,104,157,100.6,129,70.3,37,+.040,91,-2.21,197,100.5,262,102.7,148,-2.8,246
132,Rhode Island,A10,15-16,+3.29,99.2,249,95.9,51,67.3,172,-0.089,342,+0.79,127,103.8,123,103,157,-3.04,251
133,Texas St.,SB,21-8,+3.14,105.7,117,102.6,171,63.8,335,+.114,9,-3.08,218,100.6,254,103.7,194,-1.69,207
134,Ohio,MAC,25-10,+3.13,104.2,151,101,138,67.6,145,+.034,107,-5.83,289,100.8,242,106.6,314,-4.53,288
135,UC Irvine,BW,15-10,+3.07,99.3,247,96.3,57,65.2,279,-0.005,189,-0.29,148,102,187,102.3,129,+6.16,29
136,UC Santa Barbara,BW,17-11,+3.06,105.1,134,102,158,65.6,261,-0.084,336,-5.64,284,99.1,320,104.8,248,-10.84,356
137,Missouri,SEC,12-21,+2.98,104,154,101,140,65.6,260,-0.02,219,+10.33,18,107,48,96.7,8,+2.05,104
138,Seattle,WAC,23-9,+2.89,99.8,241,96.9,65,70.5,33,+.043,85,-5.78,287,99.9,288,105.7,280,-9.97,352
139,Montana St.14,BSky,27-8,+2.89,104.2,150,101.3,143,67.5,153,+.085,29,-6.06,298,101.5,209,107.6,345,-1.36,199
140,Nebraska,B10,10-22,+2.84,105.7,118,102.9,177,71.2,19,-0.057,305,+8.59,37,107.8,22,99.2,51,-3.49,259
141,Delaware15,CAA,22-13,+2.69,107,95,104.3,213,66.7,204,+.038,100,-1.53,181,102.2,180,103.7,197,-3.72,267
142,California,P12,12-20,+2.34,100.5,223,98.1,84,64.1,329,-0.048,291,+6.04,73,105.7,75,99.6,65,-2.73,241
143,Sam Houston St.,WAC,19-14,+2.29,100.6,221,98.3,86,64.8,299,-0.004,185,-1.07,168,101.5,207,102.6,142,+3.31,73
144,Charleston,CAA,17-15,+2.27,104.6,141,102.4,163,73.5,2,-0.035,257,-0.73,158,103,153,103.7,193,+1.36,124
145,Longwood14,BSth,26-7,+2.25,105.9,114,103.6,199,66.2,236,+.115,7,-7.27,326,98.6,333,105.9,292,-7.15,333
146,UNC Wilmington,CAA,27-9,+2.07,105.1,132,103,183,65.5,263,+.155,3,-2.31,202,102.2,178,104.6,238,-5.39,303
147,Yale14,Ivy,19-12,+2.00,100.7,218,98.7,97,68.8,88,+.063,53,-1.45,179,103.3,138,104.7,246,+0.68,136
148,Jacksonville St.15,ASun,21-11,+1.99,105.1,133,103.1,184,65.2,283,-0.005,190,-4.65,261,100.6,256,105.3,261,-0.18,161
149,Coastal Carolina,SB,19-13,+1.85,101.9,195,100.1,123,66.7,201,-0.077,332,-3.11,220,100.6,258,103.7,191,+1.56,117
150,Georgia St.16,SB,18-11,+1.70,101.5,199,99.8,119,67.3,167,+.062,54,-0.85,160,101.1,223,102,120,+2.07,103
151,Wagner,NEC,21-6,+1.69,101.9,196,100.2,124,66.5,217,+.081,33,-9.37,355,97.6,353,107,330,+1.48,122
152,Kent St.,MAC,23-11,+1.59,101.5,197,99.9,121,66,243,+.056,66,-3.54,233,102.3,175,105.9,290,+0.32,149
153,Drexel,CAA,15-14,+1.54,104.4,147,102.9,176,66.4,220,-0.063,312,-1.04,167,103.3,134,104.4,229,+1.00,130
154,North Dakota St.,Sum,23-10,+1.52,102.9,176,101.3,144,66.4,221,+.101,17,-5.43,279,102.8,162,108.2,353,-1.86,215
155,Cal St. Fullerton15,BW,21-11,+1.43,104.1,152,102.6,173,66.1,242,+.047,77,-3.02,214,100.4,268,103.4,177,-3.89,271
156,South Alabama,SB,21-12,+1.27,102.9,177,101.6,149,66.5,218,-0.04,272,-4.11,248,99.8,298,103.9,207,-1.7,208
157,Georgia Tech,ACC,12-20,+1.19,100.3,225,99.2,110,68,117,-0.021,227,+6.41,71,107,50,100.6,98,-6.28,320
158,Monmouth,MAAC,21-13,+1.13,102.5,187,101.4,145,66.2,234,+.076,38,-0.56,155,102,188,102.5,135,+3.87,59
159,Winthrop,BSth,23-9,+0.92,105.9,113,105,222,68.3,109,+.115,8,-2.89,212,100.7,246,103.6,184,+6.30,26
160,Long Beach St.,BW,20-13,+0.73,103.2,169,102.5,166,71,23,+.109,14,-0.03,141,102.4,173,102.5,132,+6.45,24
,,,,,,,,,,,,,Strength of Schedule,,,,,,NCSOS,
Rk,Team,Conf,W-L,AdjEM,AdjO,,AdjD,,AdjT,,Luck,,AdjEM,,OppO,,OppD,,AdjEM,
161,Saint Joseph's,A10,11-19,+0.64,100.3,226,99.7,118,68,121,-0.085,339,+1.89,113,103.3,139,101.4,111,-1.86,214
162,New Mexico,MWC,13-19,+0.63,106.5,106,105.9,243,71,22,-0.04,274,+4.64,89,104.7,95,100,77,+1.60,115
163,Southern Utah,BSky,23-12,+0.56,106.7,99,106.1,249,68.5,103,+.051,71,-5.29,273,100.2,275,105.5,269,+1.55,119
164,Jacksonville,ASun,21-10,+0.50,100.1,233,99.6,116,61.5,356,+.047,78,-5.35,276,101.5,208,106.9,324,-3.23,255
165,Appalachian St.,SB,19-15,+0.35,101.1,210,100.7,130,64.5,317,+.015,142,-0.89,164,102.5,168,103.4,174,+7.02,21
166,Oral Roberts,Sum,19-12,+0.32,109.4,60,109.1,290,70.4,36,-0.027,239,-4.8,262,102.5,169,107.3,338,+2.95,84
167,Gardner Webb,BSth,18-13,+0.24,96.5,293,96.3,58,67.5,155,-0.029,244,-4.1,246,101.5,212,105.6,273,+2.82,87
168,UTEP,CUSA,20-14,+0.14,100.6,219,100.5,128,66.6,209,+.039,94,-1.69,183,102.1,185,103.8,200,-1.77,210
169,Hawaii,BW,17-11,+0.02,101.5,200,101.5,148,65.2,280,-0.01,199,-4.47,255,99.8,297,104.3,225,-5.4,304
170,VMI,SC,16-16,-0.16,110.3,46,110.5,316,68.9,78,-0.032,250,-0.25,147,103.6,127,103.9,206,-1.05,187
171,Wright St.16,Horz,22-14,-0.28,106.3,110,106.5,253,68.9,86,+.003,165,-6.75,316,100.2,279,106.9,327,-0.22,164
172,Tulsa,Amer,11-20,-0.28,103.6,163,103.8,206,66.5,214,-0.066,318,+2.80,107,103.4,131,100.6,101,-6.08,318
173,Georgetown,BE,6-25,-0.34,104.9,136,105.2,227,70.1,43,-0.11,351,+8.53,39,106.5,56,98,21,-1.92,218
174,Fordham,A10,16-16,-0.41,94.6,321,95,41,67.7,139,+.017,140,-0.58,156,103.7,125,104.2,224,-7.4,336
175,Norfolk St.16,MEAC,24-7,-0.47,102.1,194,102.5,168,66.8,197,+.128,5,-9.99,357,95.5,358,105.4,268,-4.16,279
176,Weber St.,BSky,21-12,-0.54,103.2,170,103.8,204,69.5,60,+.023,129,-6.06,296,100.8,236,106.9,325,-0.48,172
177,UC Riverside,BW,16-12,-0.63,100.3,229,100.9,132,65.3,271,+.004,164,-2.77,208,99.8,296,102.6,141,+2.86,86
178,UNC Greensboro,SC,17-15,-0.64,100.5,222,101.1,141,62.2,349,+.037,103,-1.38,177,104.4,106,105.7,283,-3.21,254
179,East Carolina,Amer,15-15,-0.86,102.6,182,103.5,192,67.7,138,+.074,42,+1.13,122,102.2,181,101,107,-8.11,342
180,Portland,WCC,19-15,-0.94,102.6,183,103.5,196,69.1,74,+.045,80,-1.94,188,101.9,193,103.8,204,-6.6,322
181,Arkansas St.,SB,18-11,-1.03,99.9,236,101,134,68.3,110,+.065,52,-3.24,225,100.7,244,104,210,-5.87,315
182,Louisiana,SB,16-15,-1.06,101.5,201,102.5,167,69.6,56,-0.022,230,-2.54,204,100.3,272,102.9,155,-2.1,225
183,Samford,SC,21-11,-1.11,104.9,135,106,247,69.1,75,+.162,2,-0.88,161,104.2,109,105.1,256,-3.96,274
184,Navy,Pat,21-11,-1.17,95.2,310,96.4,60,64.7,306,+.037,102,-6.84,318,100.2,277,107.1,334,+3.85,60
185,Massachusetts,A10,15-17,-1.21,111.7,32,112.9,342,69.1,76,+.052,70,+1.23,119,101.9,190,100.7,102,-2.62,238
186,East Tennessee St.,SC,15-17,-1.23,107.6,83,108.8,286,65.3,272,+.021,138,+1.10,123,105.1,84,104,211,+4.25,48
187,Bryant16,NEC,22-10,-1.3,103.8,160,105.1,223,72.6,4,+.112,11,-8.44,346,98,344,106.4,308,+0.03,156
188,Oakland,Horz,20-12,-1.32,102.9,174,104.2,211,67.4,157,+.022,132,-4.63,259,101.3,217,106,295,+8.53,15
189,Texas Southern16,SWAC,19-13,-1.32,97.5,274,98.8,103,68.2,114,+.022,131,-6.27,307,98.6,334,104.9,250,+9.99,11
190,Niagara,MAAC,14-16,-1.45,100.3,228,101.7,152,64.3,322,-0.044,282,-2.21,198,101.5,211,103.7,192,-1.23,193
191,Illinois St.,MVC,13-20,-1.5,104.9,137,106.4,251,68,119,-0.103,347,+0.43,134,103.1,147,102.7,146,-5.46,307
192,Troy,SB,20-12,-1.5,98.7,257,100.2,125,67,190,+.082,32,-2.73,207,101,225,103.8,201,-4.24,281
193,Cornell,Ivy,15-11,-1.6,103.4,166,105,221,71.8,16,+.041,87,-2.83,209,101.9,191,104.8,247,-1.61,202
194,Old Dominion,CUSA,13-19,-1.69,100.9,213,102.6,169,64.3,321,-0.078,333,-0.33,149,102.8,160,103.1,165,-1.05,186
195,Pittsburgh,ACC,11-21,-1.76,99.7,244,101.4,146,64,332,+.050,73,+7.02,63,107.5,31,100.5,92,+0.33,148
196,Mercer,SC,16-17,-1.77,105.6,121,107.4,268,64.7,309,+.023,128,+0.44,133,104.9,88,104.4,233,+1.58,116
197,Cleveland St.,Horz,20-11,-1.98,103.3,168,105.3,228,67.8,127,-0.015,207,-7.96,340,99.1,321,107.1,335,+0.26,152
198,Northern Kentucky,Horz,20-12,-2.08,100.9,214,102.9,180,64.2,327,-0.004,186,-7.95,339,99.6,311,107.5,343,-4.47,284
199,Dartmouth,Ivy,9-16,-2.41,98.6,259,101,136,64.7,310,-0.122,357,-1.25,174,103.2,144,104.4,232,+2.66,92
200,Bellarmine,ASun,20-13,-2.48,107.9,81,110.3,312,62,353,+.113,10,-1.44,178,103.2,141,104.6,242,+12.83,4
,,,,,,,,,,,,,Strength of Schedule,,,,,,NCSOS,
Rk,Team,Conf,W-L,AdjEM,AdjO,,AdjD,,AdjT,,Luck,,AdjEM,,OppO,,OppD,,AdjEM,
201,Charlotte,CUSA,17-14,-2.51,104.8,139,107.3,266,65.5,266,+.095,24,-1.22,172,102.4,174,103.6,186,-0.23,165
202,Valparaiso,MVC,14-18,-2.61,102.7,181,105.3,230,65.1,288,-0.024,235,+0.36,135,103.2,142,102.8,153,-5.41,305
203,Brown,Ivy,13-16,-2.74,100.2,230,103,182,67.4,165,-0.047,288,-0.89,163,102.9,154,103.8,205,+2.99,82
204,Loyola Marymount,WCC,11-18,-2.74,105.7,119,108.4,280,65.9,249,-0.003,184,+3.51,101,104.4,104,100.9,105,+1.88,108
205,Nicholls St.,Slnd,21-12,-2.81,100.8,216,103.6,197,69.8,51,+.021,135,-7.59,333,99.9,287,107.5,344,+0.35,145
206,Fairfield,MAAC,15-18,-2.84,100.6,220,103.4,189,64.3,323,-0.072,325,-3.72,236,100.5,266,104.2,219,-7.03,332
207,Marist,MAAC,14-16,-2.86,100.8,215,103.7,200,66.2,233,-0.048,292,-4.1,247,100.4,270,104.5,236,-7.51,338
208,Florida Gulf Coast,ASun,22-12,-2.93,104.4,146,107.4,267,70.2,40,+.072,46,-6.04,291,100.1,283,106.1,297,-5.83,313
209,UNC Asheville,BSth,17-15,-2.96,102.2,189,105.2,226,66.8,198,-0.036,260,-5.32,275,100.2,278,105.5,271,-0.45,170
210,South Dakota,Sum,19-12,-3.07,104.4,149,107.4,270,65.7,256,+.058,63,-6.19,302,102.6,165,108.8,357,-5.85,314
211,Penn,Ivy,12-16,-3.3,106.2,111,109.5,295,67.6,140,+.031,114,+1.03,125,103.3,135,102.3,128,+6.91,22
212,Tarleton St.,WAC,14-17,-3.42,99.5,245,102.9,179,63.1,343,-0.037,266,-0.49,152,101.8,199,102.3,127,+8.52,16
213,Campbell,BSth,16-13,-3.43,100.7,217,104.1,210,62.4,346,-0.046,286,-5.79,288,98.7,332,104.5,235,-0.97,184
214,UMKC,Sum,19-12,-3.56,99.9,235,103.5,194,67.4,162,+.058,64,-5.03,267,103.1,146,108.2,352,+0.81,134
215,Southern,SWAC,17-14,-3.65,96.6,290,100.3,126,69.9,47,-0.032,249,-6.16,300,98.9,327,105,252,+6.04,30
216,Northern Colorado,BSky,22-16,-3.87,107.6,84,111.4,330,69.6,57,+.100,19,-3.88,241,101.5,214,105.3,264,+7.35,20
217,Eastern Washington,BSky,18-16,-3.93,104,156,107.9,278,69.7,52,0,174,-5.25,272,101,227,106.2,302,+3.02,81
218,Boston University,Pat,22-13,-3.97,105.4,126,109.3,294,65.1,286,+.043,84,-7.85,338,97.7,351,105.6,274,-4.52,286
219,Georgia,SEC,6-26,-3.99,106.6,100,110.6,318,68.6,99,-0.024,232,+8.02,45,105.7,73,97.7,18,-2.33,233
220,Rice,CUSA,16-17,-4.16,105.5,125,109.7,299,67.5,147,+.010,151,-2.31,201,101,228,103.3,170,-7.25,335
221,UT Arlington,SB,11-18,-4.23,97.7,272,101.9,156,65.2,282,-0.027,238,+0.71,130,102.3,177,101.6,115,+10.39,8
222,UC Davis,BW,13-11,-4.29,97.8,268,102.1,161,67.1,183,+.014,145,-6.05,294,99.6,309,105.6,275,-6.96,328
223,Kennesaw St.,ASun,13-18,-4.31,104.6,142,108.9,288,66.2,232,-0.116,353,-2.1,193,102.1,183,104.2,223,+6.39,25
224,Rider,MAAC,14-19,-4.39,99.1,251,103.5,193,66.9,193,-0.01,200,-2.7,206,100.9,230,103.6,185,-4.8,295
225,Cal Baptist,WAC,18-16,-4.44,98.7,256,103.2,186,67.4,156,-0.008,196,-5.04,268,99.6,306,104.7,244,-9.47,351
226,George Washington,A10,12-18,-4.45,99.3,248,103.7,203,68.9,83,+.043,83,+0.47,132,102.9,155,102.5,133,-3.96,273
227,James Madison,CAA,15-14,-4.64,102.6,184,107.2,264,68.8,87,+.076,37,-0.94,165,102.8,161,103.7,195,-0.07,158
228,La Salle,A10,11-19,-4.64,98.9,254,103.5,195,67.2,173,-0.005,191,+0.19,140,103,152,102.8,151,-10.3,353
229,Harvard,Ivy,13-13,-4.66,97.7,269,102.4,164,67.2,179,-0.045,284,-4.08,245,101.2,221,105.3,262,-4.74,294
230,Indiana St.,MVC,11-20,-4.77,98.2,264,103,181,69.2,69,-0.066,319,+2.54,108,104.5,103,101.9,118,-0.13,159
231,Quinnipiac,MAAC,14-17,-4.95,102.9,175,107.8,277,68.8,90,-0.029,246,-3.74,237,99.7,302,103.4,176,-10.79,355
232,San Diego,WCC,15-16,-5.07,96.2,298,101.3,142,65.6,262,+.090,26,+0.92,126,103.2,143,102.2,125,-3.27,256
233,Oregon St.,P12,3-28,-5.39,105.4,127,110.8,320,66.6,210,-0.108,350,+8.11,43,106.4,57,98.3,27,+1.69,112
234,Howard,MEAC,16-13,-5.4,100.2,231,105.6,238,70.4,35,-0.058,306,-8.62,350,96,357,104.6,243,-2.3,230
235,LIU,NEC,16-14,-5.5,99.7,243,105.2,225,72.4,6,+.033,109,-6.83,317,98.7,330,105.6,272,+7.66,19
236,Detroit Mercy,Horz,14-16,-5.57,105.6,124,111.1,326,64.9,296,-0.019,216,-4.36,253,100.8,237,105.2,259,+3.94,55
237,Purdue Fort Wayne,Horz,21-12,-5.67,98.5,260,104.2,212,68.4,106,+.077,36,-8.24,343,99.8,299,108,348,-7.47,337
238,Marshall,CUSA,12-21,-5.74,101.2,205,106.9,258,72.3,7,-0.017,212,-0.05,142,103.1,148,103.1,164,-0.74,179
239,Siena,MAAC,15-14,-5.75,98.1,266,103.8,205,66.3,225,+.111,12,-3,213,100.9,229,103.9,209,-4.56,289
240,UMBC,AE,18-14,-5.99,103.8,161,109.7,301,68.3,108,+.044,81,-7.16,323,99.8,295,107,328,-2.61,237
,,,,,,,,,,,,,Strength of Schedule,,,,,,NCSOS,
Rk,Team,Conf,W-L,AdjEM,AdjO,,AdjD,,AdjT,,Luck,,AdjEM,,OppO,,OppD,,AdjEM,
241,The Citadel,SC,13-18,-6.02,101.1,207,107.1,263,70.5,34,+.011,150,-0.65,157,104.4,105,105,255,-5.09,299
242,High Point,BSth,14-18,-6.14,98.3,262,104.5,215,66.5,216,-0.025,236,-3.79,238,100.6,252,104.4,234,+4.00,53
243,New Hampshire,AE,15-13,-6.3,103,172,109.3,293,62.3,348,-0.022,228,-8.29,344,98.5,337,106.8,321,-2.49,235
244,Southeast Missouri St.,OVC,14-18,-6.41,104,155,110.4,315,71.8,14,-0.036,262,-4.48,257,99.7,301,104.2,220,-3.79,269
245,Mount St. Mary's,NEC,14-16,-6.52,96.1,302,102.6,170,63.3,341,-0.036,261,-7.26,325,99.2,319,106.4,307,+0.33,147
246,Texas A&M Corpus Chris16,Slnd,23-12,-6.56,96.6,291,103.1,185,69.4,64,+.028,119,-10.92,358,98.3,341,109.2,358,-9.14,349
247,Elon,CAA,10-22,-6.57,99.9,238,106.5,252,65.8,253,-0.055,304,+2.25,110,104.5,101,102.3,126,+8.95,12
248,UMass Lowell,AE,15-16,-6.69,96.2,301,102.8,175,67.5,151,-0.063,311,-7.1,322,99.9,289,107,332,-2.21,227
249,Montana,BSky,18-14,-6.73,100.1,234,106.8,257,65.3,274,+.026,121,-7.5,330,100.5,263,108,350,-6.69,324
250,Stony Brook,AE,18-13,-6.76,104,153,110.8,321,68.2,111,+.099,20,-6.62,314,99.3,315,106,293,-1.26,195
251,Western Illinois,Sum,16-16,-6.77,100.3,227,107.1,261,70.6,29,-0.012,204,-5.89,290,102.5,167,108.4,355,-5.75,312
252,South Florida,Amer,8-23,-6.83,90.8,349,97.7,79,65,290,-0.015,210,+3.93,98,104,112,100.1,82,-3.51,261
253,Georgia Southern,SB,13-16,-7.17,96.2,300,103.3,188,66,245,+.038,101,-1.73,185,100.7,245,102.5,134,-0.48,171
254,Youngstown St.,Horz,19-15,-7.51,102.8,178,110.3,311,66.7,207,+.002,168,-9.68,356,98,345,107.7,346,-6.96,329
255,Northeastern,CAA,9-22,-7.63,96.9,286,104.5,216,64.4,320,-0.064,314,-0.89,162,103.8,120,104.7,245,-0.02,157
256,Manhattan,MAAC,15-15,-7.73,100.4,224,108.1,279,68.6,97,+.097,22,-3.25,227,100,285,103.2,168,-6.36,321
257,Portland St.,BSky,14-17,-7.74,95.6,304,103.3,187,71,21,-0.015,211,-6.62,313,101.4,216,108,349,-0.26,166
258,Canisius,MAAC,11-21,-7.79,97.4,276,105.1,224,68.2,113,+.045,79,-1.27,175,101.9,192,103.2,166,+0.59,140
259,Tennessee Tech,OVC,11-21,-7.93,99.8,240,107.7,276,69.3,65,-0.086,340,-2.59,205,100.5,260,103.1,163,+3.59,66
260,Eastern Kentucky,ASun,13-18,-7.95,101.1,206,109.1,291,70.9,24,-0.12,355,-6.2,303,100,284,106.2,301,-5.6,310
261,USC Upstate,BSth,15-17,-8.03,102.2,191,110.2,308,68.6,98,+.067,49,-3.21,223,100.6,257,103.8,202,+3.52,70
262,Presbyterian,BSth,12-20,-8.04,96.4,296,104.4,214,64.1,328,-0.044,283,-2.86,210,101.8,200,104.6,241,+3.59,67
263,UC San Diego,BW,13-16,-8.04,101.5,198,109.6,296,67.9,126,+.006,160,-4.22,251,99.2,318,103.5,178,-4.22,280
264,Lipscomb,ASun,14-19,-8.08,102.2,192,110.3,310,69.2,70,+.013,148,-3.08,219,101.3,218,104.4,230,+3.27,76
265,Alcorn St.,SWAC,17-17,-8.12,97.2,279,105.3,231,67.8,128,+.128,4,-3.84,239,99.4,313,103.2,167,+14.20,2
266,Miami OH,MAC,14-18,-8.16,103.5,164,111.6,332,67.7,132,-0.043,280,-4.93,264,100.8,241,105.7,279,-3.72,268
267,Louisiana Monroe,SB,13-18,-8.32,100.9,212,109.3,292,67.7,131,+.005,161,-2.07,192,100.7,251,102.7,149,+1.34,126
268,Ball St.,MAC,14-17,-8.38,101.4,203,109.8,302,70,46,+.021,134,-5.38,277,100.8,239,106.2,298,-5.96,316
269,New Orleans,Slnd,18-14,-8.51,96.9,285,105.4,232,72.2,10,+.038,99,-8.87,354,99.7,300,108.6,356,-3.59,263
270,Loyola MD,Pat,14-16,-8.57,96.3,297,104.9,220,64.6,316,-0.037,265,-8.6,349,98.8,329,107.4,339,-4.69,291
271,Air Force,MWC,11-18,-8.57,95.4,306,104,208,63.3,342,+.068,48,+1.46,117,103.4,130,102,119,-8.8,348
272,Tennessee St.,OVC,14-18,-8.62,97.9,267,106.6,254,67.6,146,-0.054,300,-7.05,321,98.3,339,105.4,265,-8.22,346
273,North Florida,ASun,11-20,-8.62,97.1,280,105.7,240,67.7,133,+.003,166,+1.25,118,103.8,121,102.5,136,+14.04,3
274,Southeastern Louisiana,Slnd,19-15,-8.73,102.7,180,111.5,331,70.6,31,+.109,13,-6.19,301,99.6,307,105.8,286,+1.84,110
275,FIU,CUSA,15-17,-8.8,97.2,278,106,248,66.7,200,+.050,72,-4.63,258,101.2,220,105.8,288,-11.11,358
276,Cal St. Bakersfield,BW,8-19,-9.15,97.4,275,106.6,255,64.4,319,-0.052,297,-2.25,200,100.7,243,103,160,+0.62,139
277,Jackson St.,SWAC,11-19,-9.21,93.3,332,102.5,165,63.8,337,-0.002,182,-4.29,252,99.6,308,103.9,208,+10.95,6
278,Dixie St.,WAC,13-18,-9.28,95.5,305,104.8,219,71.4,17,+.032,112,-0.42,151,102.1,182,102.6,139,-1.29,197
279,Pepperdine,WCC,7-25,-9.76,97.4,277,107.1,262,69.9,48,-0.023,231,+3.26,103,104,114,100.8,103,-0.73,178
280,Duquesne,A10,6-24,-9.83,98.8,255,108.6,281,65.9,248,-0.047,287,+1.67,116,103.1,145,101.5,112,-4.05,276
,,,,,,,,,,,,,Strength of Schedule,,,,,,NCSOS,
Rk,Team,Conf,W-L,AdjEM,AdjO,,AdjD,,AdjT,,Luck,,AdjEM,,OppO,,OppD,,AdjEM,
281,Prairie View A&M,SWAC,8-19,-9.97,97,282,107,260,70.3,38,-0.034,255,-3.13,221,99.8,294,103,159,+16.95,1
282,Hartford,AE,12-20,-10.03,101.1,211,111.1,324,67.2,174,-0.05,294,-7.74,334,98.9,328,106.6,313,-5.28,301
283,Radford,BSth,11-18,-10.19,95.3,309,105.5,234,64.2,326,+.023,130,-3.24,224,100.9,234,104.1,213,+5.57,33
284,Bowling Green,MAC,13-18,-10.21,102.8,179,113,343,72.8,3,-0.011,201,-5.48,282,101.1,224,106.5,310,-8.16,343
285,North Carolina Central,MEAC,16-15,-10.32,96.6,289,106.9,259,67.6,141,+.044,82,-6.14,299,97.4,354,103.5,181,+2.16,99
286,Albany,AE,13-18,-10.46,92.2,341,102.6,172,65.2,281,+.042,86,-6.05,293,100.1,280,106.2,299,-0.62,175
287,Illinois Chicago,Horz,14-16,-10.52,99.4,246,109.9,303,69.2,67,+.059,61,-7.42,328,98.9,326,106.3,304,+0.65,137
288,North Carolina A&T,BSth,12-20,-10.74,96.8,288,107.5,273,67.4,159,+.023,127,-3.15,222,100.4,267,103.6,183,+2.76,89
289,Binghamton,AE,12-17,-10.74,94.8,315,105.6,235,67.1,182,-0.004,188,-6.43,311,100.5,265,106.9,326,-3.04,252
290,San Jose St.,MWC,8-23,-10.75,98.9,253,109.6,297,65.4,269,-0.007,194,+4.01,97,104.5,102,100.5,94,-2.74,242
291,Austin Peay,OVC,12-17,-10.82,94.7,318,105.6,236,64.7,314,+.066,50,-2.14,195,100.7,248,102.8,152,+6.69,23
292,Morgan St.,MEAC,13-15,-10.95,94.4,322,105.3,229,71.9,13,-0.021,225,-7.26,324,96.9,356,104.2,216,+1.88,109
293,Pacific,WCC,8-22,-11.01,94.9,314,105.9,244,68.2,115,-0.048,293,-0.34,150,103.2,140,103.6,182,-3.47,258
294,Denver,Sum,11-21,-11.1,99.8,242,110.9,322,66.4,222,-0.046,285,-5.59,283,101.8,196,107.4,341,-4.81,296
295,Army,Pat,15-16,-11.1,96.4,295,107.5,272,68.8,89,+.025,124,-8.39,345,98.6,335,107,331,-3.96,272
296,Western Carolina,SC,11-21,-11.27,98.9,252,110.2,307,68.2,112,+.074,45,-0.51,154,104.9,86,105.4,267,-2.72,239
297,Northern Illinois,MAC,9-21,-11.33,92.7,337,104,209,67,189,+.001,170,-2.87,211,102.3,176,105.2,258,+0.75,135
298,SIU Edwardsville,OVC,11-21,-11.46,94,326,105.4,233,68.5,104,-0.024,233,-4.38,254,100.6,259,104.9,251,-1.79,212
299,Merrimack,NEC,14-16,-11.53,94.2,325,105.7,239,62.2,350,+.060,56,-7.57,332,99,322,106.6,311,-1.77,209
300,Coppin St.,MEAC,9-23,-11.68,91.9,344,103.6,198,72.2,8,-0.017,214,-3.24,226,99.9,293,103.1,162,+5.54,34
301,UT Rio Grande Valley,WAC,8-23,-11.83,99.8,239,111.6,333,71.8,15,-0.071,324,-1.49,180,100.5,264,102,122,-0.33,167
302,Lehigh,Pat,13-19,-12.05,98.1,265,110.1,305,68.1,116,-0.015,209,-8.69,353,98,347,106.6,317,-5.44,306
303,Grambling St.,SWAC,12-20,-12.34,93.6,331,105.9,245,69.3,66,+.034,105,-4.47,256,98.5,336,103,161,+10.20,9
304,Stetson,ASun,11-19,-12.43,96.5,292,109,289,65.7,255,-0.009,197,-3.97,243,101.7,202,105.7,277,-0.95,183
305,St. Thomas,Sum,10-20,-12.52,106.6,104,119.1,357,65.3,275,-0.084,337,-4.87,263,101.9,195,106.7,319,-2.15,226
306,South Carolina St.,MEAC,15-16,-12.53,93.2,333,105.8,242,70.1,44,+.074,43,-8.49,347,97.3,355,105.8,284,-4.73,293
307,Tennessee Martin,OVC,8-22,-12.63,96,303,108.6,282,68.9,84,-0.041,276,-2.11,194,101.2,219,103.4,172,+3.98,54
308,Florida A&M,SWAC,13-17,-12.75,94.8,316,107.6,274,65.5,264,+.097,23,-6.24,305,98,346,104.2,222,+8.85,13
309,Cal Poly,BW,7-21,-12.78,93,336,105.7,241,64.7,313,-0.034,253,-3.35,229,100.1,281,103.5,180,-2.75,244
310,McNeese St.,Slnd,11-22,-12.98,97.6,273,110.6,319,69.6,55,-0.042,278,-5.44,281,100.1,282,105.5,270,+4.79,43
311,Maryland Eastern Shore,MEAC,11-16,-13.16,89.7,353,102.9,178,67.9,125,+.021,136,-5.43,280,98.2,342,103.7,188,+5.11,39
312,UTSA,CUSA,10-22,-13.21,94.3,324,107.5,271,68.7,94,-0.02,220,-2.21,199,101.5,205,103.8,198,-8.18,345
313,Alabama St.,SWAC,10-21,-13.21,97,283,110.2,309,69.5,63,-0.002,180,-6.06,295,98.3,340,104.3,227,+10.50,7
314,Alabama A&M,SWAC,12-18,-13.51,87.3,355,100.8,131,66.6,212,+.034,108,-8.49,348,97.8,349,106.3,303,+2.25,97
315,North Alabama,ASun,9-21,-13.56,90.2,351,103.7,202,67.7,135,-0.064,313,-3.32,228,102.5,170,105.8,285,+3.90,58
316,Eastern Michigan,MAC,10-21,-13.59,93.7,330,107.3,265,69.2,68,+.025,122,-3.53,232,101.8,197,105.4,266,+0.34,146
317,Central Michigan,MAC,7-23,-13.76,96.2,299,109.9,304,67.5,149,-0.001,177,-1.71,184,103.3,133,105,254,+2.97,83
318,Sacramento St.,BSky,11-18,-13.78,95,313,108.8,284,64.3,324,+.008,155,-6.06,297,101.2,222,107.2,337,+0.85,133
319,Central Arkansas,ASun,11-20,-14.13,98.7,258,112.8,341,71.9,12,+.098,21,-1.17,171,103,150,104.2,218,+8.41,17
320,Sacred Heart,NEC,10-20,-14.14,101.3,204,115.4,352,67.4,161,-0.027,240,-8.64,351,97.7,350,106.4,306,-5.37,302
,,,,,,,,,,,,,Strength of Schedule,,,,,,NCSOS,
Rk,Team,Conf,W-L,AdjEM,AdjO,,AdjD,,AdjT,,Luck,,AdjEM,,OppO,,OppD,,AdjEM,
321,Evansville,MVC,6-24,-14.18,92.6,339,106.7,256,64.1,330,-0.065,317,+2.13,111,104.1,111,102,123,-2.53,236
322,St. Francis NY,NEC,10-20,-14.19,94.7,320,108.9,287,66.7,208,-0.037,264,-7.8,335,98.4,338,106.2,300,-1.63,204
323,Lafayette,Pat,10-20,-14.38,97.1,281,111.4,329,64.8,303,-0.041,275,-7.84,337,100.2,276,108.1,351,-0.19,162
324,St. Francis PA,NEC,9-21,-14.59,95.1,312,109.6,298,67.4,166,-0.075,328,-7.45,329,99.4,312,106.9,323,-2,221
325,Idaho,BSky,9-22,-14.66,99.1,250,113.8,347,70,45,-0.028,243,-5.02,266,100.8,238,105.9,289,+2.02,106
326,Hampton,BSth,9-19,-14.99,90.6,350,105.6,237,69.2,73,+.070,47,-5.42,278,99,324,104.4,231,-3.01,250
327,Little Rock,SB,9-19,-15.08,97,284,112,336,66.7,205,+.075,40,-0.1,143,102.1,184,102.2,124,+3.91,57
328,Robert Morris,Horz,8-24,-15.16,98.4,261,113.5,345,66.7,206,-0.067,320,-6.27,308,100.3,274,106.6,312,+2.71,91
329,Western Michigan,MAC,8-23,-15.2,96.8,287,112,335,64.1,331,-0.024,234,-2.46,203,103.4,132,105.8,287,+4.59,44
330,Northwestern St.,Slnd,9-23,-15.43,98.3,263,113.7,346,71.2,18,-0.06,308,-4.64,260,100.7,249,105.3,263,+6.28,27
331,American,Pat,10-22,-16.18,94.3,323,110.5,317,65,291,+.003,167,-7.52,331,99.3,316,106.8,320,-3.88,270
332,Cal St. Northridge,BW,7-23,-16.26,93.9,328,110.1,306,65,293,+.029,118,-1.69,182,100.9,235,102.6,138,+0.64,138
333,Bethune Cookman,SWAC,9-21,-16.69,93,335,109.7,300,65.8,251,+.039,96,-6.67,315,97.7,352,104.4,228,+3.24,77
334,Northern Arizona,BSky,9-23,-16.96,95.4,307,112.4,340,65.1,284,+.007,157,-5.21,271,101.5,210,106.7,318,+0.17,154
335,Milwaukee,Horz,10-22,-17.04,91.7,346,108.7,283,66.9,195,-0.047,289,-8.12,341,99.4,314,107.5,342,-3.66,265
336,Bucknell,Pat,9-23,-17.07,99.9,237,117,356,67.7,136,+.039,97,-6.24,304,100.4,271,106.6,315,-1.47,201
337,Houston Baptist,Slnd,11-18,-17.15,95.1,311,112.3,339,68.8,92,-0.002,181,-8.68,352,99.7,305,108.3,354,-1.17,190
338,William & Mary,CAA,5-27,-17.31,90.1,352,107.4,269,68.8,93,+.015,143,-1.09,169,102.6,166,103.7,189,-2.02,222
339,Idaho St.,BSky,7-23,-17.59,93.8,329,111.4,328,63.9,333,-0.038,268,-4.98,265,100.9,231,105.9,291,+1.52,120
340,Chicago St.,WAC,7-25,-17.66,95.4,308,113.1,344,65.7,257,+.040,89,-2.01,191,100.3,273,102.4,130,-5.13,300
341,Southern Miss,CUSA,7-26,-17.85,93.9,327,111.8,334,67.1,187,+.034,106,-0.19,144,102.7,163,102.9,154,-1.18,191
342,NJIT,AE,11-18,-18.29,89.4,354,107.6,275,66,244,+.092,25,-7,320,100,286,107,329,-6.61,323
343,Green Bay,Horz,5-25,-18.52,91.9,345,110.4,313,64.7,311,-0.116,352,-6.47,312,99.9,291,106.4,305,+2.80,88
344,Nebraska Omaha,Sum,5-25,-18.68,97.7,271,116.4,353,69.9,50,-0.055,302,-2.19,196,104.3,107,106.5,309,+3.53,69
345,Fairleigh Dickinson,NEC,4-22,-19.67,94.8,317,114.4,350,69.6,54,-0.051,296,-5.32,274,99.9,292,105.2,260,+5.60,32
346,Central Connecticut,NEC,8-24,-19.68,91.4,347,111.1,325,64.6,315,+.032,113,-6.36,309,99.7,303,106,296,-1.4,200
347,Charleston Southern,BSth,6-25,-19.92,92.2,340,112.1,338,68.9,82,-0.002,179,-3.71,235,100.5,261,104.3,226,+0.40,143
348,North Dakota,Sum,6-25,-19.97,96.5,294,116.5,354,67.4,164,-0.02,222,-5.69,285,102,186,107.7,347,-5.99,317
349,Holy Cross,Pat,9-22,-20.06,91.1,348,111.2,327,67.1,184,+.059,59,-8.15,342,98.9,325,107.1,336,-4.06,277
350,Lamar,WAC,2-27,-20.16,92,343,112.1,337,66.1,240,-0.065,315,-1.86,186,100.8,240,102.6,144,-0.98,185
351,Columbia,Ivy,4-22,-21,93.1,334,114.1,348,69.6,58,-0.004,187,-4.12,249,100.9,232,105,253,-7.88,340
352,Arkansas Pine Bluff,SWAC,7-24,-21.54,97.7,270,119.3,358,67.1,185,+.009,153,-3.85,240,98.7,331,102.6,137,+12.02,5
353,Incarnate Word,Slnd,7-25,-21.93,94.7,319,116.6,355,64.7,312,-0.008,195,-6.39,310,100.4,269,106.8,322,+1.04,129
354,Maine,AE,6-23,-22.05,92.1,342,114.2,349,66.3,229,-0.048,290,-5.72,286,99.9,290,105.6,276,+1.35,125
355,Mississippi Valley St.,SWAC,2-26,-22.54,92.7,338,115.2,351,70.8,27,-0.1,345,-6.26,306,97.9,348,104.1,214,+5.00,40
356,Delaware St.,MEAC,2-26,-24.27,86.1,356,110.4,314,68.5,105,-0.118,354,-6.04,292,98.1,343,104.2,217,-0.77,180
357,Eastern Illinois,OVC,5-26,-25.7,83.1,357,108.8,285,64.8,305,0,175,-3.5,231,100.6,253,104.1,215,-2.08,224
358,IUPUI,Horz,3-26,-31.57,79.3,358,110.9,323,62.4,347,-0.055,303,-7.82,336,99.6,310,107.4,340,-4.67,290