Rk,Team,Conf,W-L,AdjEM,AdjO,AdjD,AdjT,Luck,AdjEM,OppO,OppD,AdjEM
1,Gonzaga1,WCC,28-4,+30.95,120.7,89.7,72.5,-0.039,+4.24,104.6,100.3,-2.88
2,Houston5,Amer,32-6,+27.70,116.8,89.1,63.6,-0.012,+5.89,105.5,99.6,+0.18
3,Kansas,B12,34-6,+27.49,119.2,91.7,69.3,+.041,+12.60,108,95.4,+4.13
4,Baylor,B12,27-7,+27.04,118,91,67.4,+.004,+10.96,107.4,96.5,-1.89
5,Arizona1,P12,33-4,+25.96,118.6,92.6,72.2,+.048,+6.45,105.9,99.5,-0.78
6,Kentucky2,SEC,26-8,+25.72,120,94.3,67.5,-0.043,+8.88,106.5,97.6,-2.72
7,Texas Tech,B12,27-10,+25.64,110.7,85,66.5,-0.031,+10.98,107.8,96.8,-8.24
8,Duke2,ACC,32-7,+25.15,121.1,95.9,67.3,-0.01,+8.22,107.8,99.6,-4.58
9,Tennessee3,SEC,27-8,+25.10,111.5,86.4,67.4,+.029,+11.39,108.5,97.1,+4.85
10,Villanova2,BE,30-8,+24.56,117.5,92.9,62.3,+.060,+11.46,109.1,97.6,+8.65
11,UCLA4,P12,27-8,+24.26,115.9,91.7,65.2,-0.029,+8.50,107.2,98.7,+3.67
12,Auburn2,SEC,28-6,+23.20,112.7,89.5,70.1,-0.021,+8.35,106.9,98.6,+3.70
13,Iowa5,B10,26-10,+22.72,120.5,97.8,69.7,-0.061,+7.31,107.1,99.8,-6.82
14,Purdue3,B10,29-8,+22.36,121,98.6,66.1,+.022,+8.81,108,99.2,-3.54
15,Texas,B12,22-12,+20.88,112.5,91.6,63.8,-0.043,+10.68,107.7,97,-8.15
16,North Carolina8,ACC,29-10,+20.13,114.4,94.3,70.2,+.072,+9.90,109,99.1,+3.79
17,Saint Mary's5,WCC,26-8,+19.53,110.1,90.6,63.6,+.039,+6.89,106.8,99.9,+3.31
18,Arkansas4,SEC,28-9,+19.46,109.9,90.4,70.7,+.038,+9.08,107.5,98.4,-2.78
19,Virginia Tech11,ACC,23-13,+18.86,115,96.1,63.3,-0.062,+7.88,107.4,99.5,-0.53
20,Illinois4,B10,23-10,+18.75,112,93.3,67.2,+.033,+10.44,109,98.6,+1.39
21,LSU6,SEC,22-12,+18.65,107.3,88.7,68.6,-0.052,+9.10,107.2,98.1,-1.21
22,Connecticut5,BE,23-10,+18.55,113.8,95.3,64.8,-0.038,+7.39,105.7,98.3,-3.58
23,San Francisco10,WCC,24-10,+17.38,110.5,93.1,68.9,-0.042,+5.18,105.5,100.3,+2.23
24,Memphis9,Amer,22-11,+17.23,111.2,94,69.9,-0.028,+7.43,106.4,99,+4.46
25,San Diego St.8,MWC,23-9,+17.07,103.4,86.3,65.4,-0.003,+5.95,105.5,99.6,+2.56
26,TCU,B12,21-13,+17.02,108.7,91.7,65.9,+.014,+11.74,108,96.2,-5
27,Michigan11,B10,19-15,+16.61,113.9,97.2,66.7,-0.019,+12.15,109.8,97.7,+6.27
28,Alabama6,SEC,19-14,+16.57,115.2,98.6,71.9,-0.022,+12.58,109.4,96.9,+10.15
29,Loyola Chicago10,MVC,25-8,+16.52,108.6,92.1,64.7,+.012,+3.12,104.7,101.6,+3.15
30,Oklahoma,B12,19-16,+16.48,111,94.6,65.1,-0.054,+11.73,107.5,95.8,-2.04
31,Ohio St.7,B10,20-12,+16.24,115.5,99.3,65,-0.017,+9.83,108.3,98.4,+2.31
32,Providence4,BE,27-6,+15.89,111.5,95.6,65.2,+.164,+7.74,106.7,99,+0.26
33,Texas A&M,SEC,27-13,+15.69,109.1,93.4,66.7,-0.01,+7.33,106.2,98.8,-5.58
34,Oklahoma St.,B12,15-15,+15.60,103.8,88.2,67.6,-0.074,+11.80,108.2,96.4,+0.26
35,Wake Forest,ACC,25-10,+15.56,110.7,95.1,70.6,-0.001,+4.30,106.3,102,-9.39
36,Murray St.7,OVC,31-3,+15.42,111.5,96.1,66.1,+.074,-3.09,101.1,104.2,+4.29
37,Wisconsin3,B10,25-8,+15.34,109.3,94,66.5,+.105,+9.77,108.4,98.6,+2.91
38,Notre Dame11,ACC,24-11,+15.25,112.4,97.2,65.6,+.017,+7.81,107.1,99.3,+2.70
39,Boise St.8,MWC,27-8,+15.14,107.5,92.4,64.4,+.029,+5.47,104.8,99.3,+0.55
40,Davidson10,A10,27-7,+14.85,116.8,101.9,64.7,-0.02,+1.72,102.7,100.9,-1.98
,,,,,,,,,Strength of Schedule,,,NCSOS
Rk,Team,Conf,W-L,AdjEM,AdjO,AdjD,AdjT,Luck,AdjEM,OppO,OppD,AdjEM
41,Miami FL10,ACC,26-11,+14.80,113.9,99.1,67.7,+.088,+8.63,107.5,98.8,+0.38
42,Michigan St.7,B10,23-13,+14.76,111.9,97.1,67.5,+.052,+10.93,109.4,98.5,+3.91
43,Iowa St,B12,22-13,+14.63,103.1,88.5,66.3,+.049,+11.25,108.1,96.9,-6.84
44,Washington St.,P12,22-15,+14.46,107.7,93.3,66.3,-0.084,+5.09,105.7,100.6,-3.37
45,Dayton,A10,24-11,+14.46,109.1,94.6,63.1,-0.039,+2.07,103.7,101.6,-1.86
46,Colorado St.6,MWC,25-6,+14.45,112.9,98.4,65.4,+.121,+5.02,104.9,99.9,-2.32
47,USC7,P12,26-8,+14.14,109.8,95.6,66.2,+.060,+5.14,104.8,99.7,-4.72
48,Indiana12,B10,21-14,+14.04,107,92.9,67.2,-0.02,+8.51,108.1,99.6,-6.23
49,Mississippi St.,SEC,18-16,+13.86,109.7,95.8,65.6,-0.087,+7.96,106.3,98.3,-1.63
50,Creighton9,BE,23-12,+13.78,105.9,92.2,67.2,+.086,+9.11,107.5,98.4,-0.67
51,UAB12,CUSA,27-8,+13.67,112.4,98.8,68.9,-0.035,-0.77,102,102.8,-2.46
52,Seton Hall8,BE,21-11,+13.61,107.1,93.5,67.3,+.033,+8.91,107.5,98.6,+0.99
53,Xavier,BE,23-13,+13.36,111.2,97.8,68.6,+.010,+7.92,106.4,98.4,+0.98
54,Vermont13,AE,28-6,+13.20,111.1,97.9,64.9,-0.028,-7,99,106,+1.92
55,St. John's,BE,17-15,+13.07,110.3,97.2,73.6,-0.101,+6.71,105.8,99.1,-7.17
56,Marquette9,BE,19-13,+13.06,109.2,96.2,70.9,+.021,+9.50,107.3,97.8,+4.04
57,North Texas,CUSA,25-7,+12.98,105.8,92.8,59.3,+.001,+0.26,103.8,103.5,+4.85
58,BYU,WCC,24-11,+12.94,110.1,97.2,68,+.026,+5.01,105,100,+5.74
59,Florida,SEC,20-14,+12.67,110.2,97.6,65.4,-0.018,+7.60,106,98.4,-2.33
60,Utah St.,MWC,18-16,+12.63,109.8,97.1,66.8,-0.133,+4.59,104.8,100.2,+3.30
61,Kansas St.,B12,14-17,+12.60,109.6,97,66.6,-0.092,+11.66,107.3,95.7,-4.37
62,SMU,Amer,24-9,+12.59,108.9,96.3,68.4,+.048,+3.12,104.1,101,-2.73
63,VCU,A10,22-10,+12.31,101.1,88.8,68.6,+.059,+5.66,106.2,100.5,+5.47
64,Vanderbilt,SEC,19-17,+12.27,107.2,94.9,67.8,-0.053,+8.58,107.1,98.5,-0.82
65,Wyoming12,MWC,25-9,+11.94,109.1,97.2,66.1,+.056,+4.10,104.7,100.6,-1.05
66,West Virginia,B12,16-17,+11.76,108.3,96.6,68,-0.001,+12.52,108.4,95.9,-0.37
67,Chattanooga13,SC,27-8,+11.51,109,97.5,64.7,+.007,+0.46,105.1,104.7,+1.74
68,Saint Louis,A10,23-12,+11.45,109.3,97.8,67.9,-0.021,+3.38,104.8,101.4,+2.33
69,Syracuse,ACC,16-17,+11.45,115.4,104,67.6,-0.065,+8.15,107.4,99.3,+3.25
70,Missouri St.,MVC,23-11,+11.40,113.2,101.7,67.1,-0.04,+0.77,103.8,103,-3.01
71,Clemson,ACC,17-16,+11.36,110.1,98.8,66.3,-0.083,+6.77,107,100.2,-0.41
72,Virginia,ACC,21-14,+11.23,107.6,96.4,59.5,+.025,+7.03,107.3,100.2,-4.06
73,Fresno St.,MWC,23-13,+11.14,105.5,94.4,61.8,-0.052,+1.32,103.1,101.8,-4.07
74,Furman,SC,22-12,+11.02,113.9,102.9,64.8,-0.072,-0.23,104,104.3,+1.26
75,Towson,CAA,25-9,+10.91,109.6,98.7,64.8,-0.015,-1.99,101.7,103.7,-1.67
76,Santa Clara,WCC,21-12,+10.83,111.8,101,70.8,-0.014,+2.35,103,100.6,-1.82
77,Rutgers11,B10,18-14,+10.82,106.9,96.1,64.9,+.001,+7.92,108.1,100.2,-10.43
78,St. Bonaventure,A10,23-10,+10.71,109.2,98.5,65.7,+.100,+4.94,104.8,99.8,+1.64
79,Colorado,P12,21-12,+10.64,106.5,95.9,67.4,+.041,+5.01,105.5,100.5,-7.62
80,New Mexico St.12,WAC,27-7,+10.61,107.1,96.5,66.1,+.085,+1.21,102.5,101.3,+3.48
,,,,,,,,,Strength of Schedule,,,NCSOS
Rk,Team,Conf,W-L,AdjEM,AdjO,AdjD,AdjT,Luck,AdjEM,OppO,OppD,AdjEM
81,South Dakota St.13,Sum,30-5,+10.58,115.4,104.8,69.4,+.054,-4.16,102.9,107.1,+3.60
82,Oregon,P12,20-15,+10.33,110,99.6,67.9,+.014,+7.47,106.3,98.8,+3.17
83,Maryland,B10,15-17,+10.06,109.4,99.3,66.6,-0.035,+9.02,108.5,99.5,-0.52
84,Drake,MVC,25-11,+9.48,108.8,99.3,66.2,-0.006,+0.69,103.7,103,-4.51
85,Richmond12,A10,24-13,+9.45,108.1,98.7,66.8,+.061,+5.07,105.5,100.5,+2.42
86,Belmont,OVC,25-8,+9.43,108.5,99,68.9,+.066,-1.97,101.5,103.5,+5.30
87,Northwestern,B10,15-16,+9.38,106.6,97.2,67.7,-0.077,+7.86,107.8,100,-11.01
88,Penn St.,B10,14-17,+9.31,105.3,96,62,-0.037,+9.40,109.4,100,-2.83
89,Iona,MAAC,25-8,+8.95,108,99,69.2,-0.006,-0.97,101.7,102.7,+3.66
90,UNLV,MWC,18-14,+8.79,107.5,98.7,66.2,-0.02,+4.22,104.1,99.9,+1.18
91,Northern Iowa,MVC,20-12,+8.45,110.6,102.2,67.3,+.040,+4.16,104.7,100.6,+4.37
92,Middle Tennessee,CUSA,26-11,+8.22,106.6,98.4,67.1,-0.014,-1.41,102.5,103.9,-1.24
93,Grand Canyon,WAC,23-8,+8.11,104.7,96.5,65.5,+.009,-3.55,99.7,103.3,-7
94,Wichita St.,Amer,15-13,+8.11,104,95.9,66.9,-0.037,+4.61,104.6,100,+1.68
95,Toledo,MAC,26-8,+8.04,110.2,102.1,68.8,+.039,-3.93,101.9,105.8,+2.05
96,Bradley,MVC,17-14,+7.99,104.8,96.8,67.2,-0.09,+1.21,103.7,102.5,-2.27
97,Arizona St.,P12,14-17,+7.94,101.2,93.2,67.3,+.005,+9.71,107.4,97.7,+8.35
98,Tulane,Amer,14-15,+7.79,108.8,101,68,-0.067,+4.65,104.2,99.6,-2
99,South Carolina,SEC,18-13,+7.53,101.5,93.9,70.5,+.105,+8.85,107.7,98.8,-0.24
100,Louisiana Tech,CUSA,24-10,+7.30,105.6,98.3,68.5,+.025,-0.51,102.9,103.4,+0.48
101,Cincinnati,Amer,18-15,+7.24,104.6,97.3,67.6,-0.051,+2.81,103.3,100.5,-5.61
102,Saint Peter's15,MAAC,22-12,+7.24,100.3,93,65.9,+.018,+0.25,103.1,102.8,+3.97
103,DePaul,BE,15-16,+6.74,106.9,100.2,68.8,-0.025,+6.63,105.9,99.3,-7.91
104,UCF,Amer,18-12,+6.27,106.6,100.3,67.4,+.054,+3.68,103.4,99.7,-3.64
105,Florida St.,ACC,17-14,+6.20,105.3,99.1,67.8,+.075,+7.96,109.1,101.1,+0.04
106,Stanford,P12,16-16,+6.09,105.2,99.1,65.8,+.075,+8.67,106.8,98.2,+1.52
107,Princeton,Ivy,23-7,+6.03,112.3,106.3,66.9,+.040,-4.04,100.9,105,-4.95
108,Mississippi,SEC,13-19,+6.02,105.7,99.7,65.2,-0.07,+7.43,106.2,98.8,-1.8
109,Minnesota,B10,13-17,+5.18,107.1,101.9,65.1,+.006,+8.87,107.8,98.9,-3.69
110,Washington,P12,17-15,+5.17,104.1,98.9,69.5,+.078,+5.82,105.9,100.1,-2.3
111,Wofford,SC,19-13,+5.03,106.5,101.5,64.2,-0.031,-0.29,104.4,104.7,-0.3
112,Western Kentucky,CUSA,19-13,+4.90,106.6,101.7,68.6,-0.033,-1.24,102.3,103.5,-1.29
113,George Mason,A10,14-16,+4.84,105.9,101.1,64.8,-0.108,+1.81,103.9,102.1,-1.26
114,Boston College,ACC,13-20,+4.55,104.5,100,64.9,-0.08,+5.61,105.7,100.1,-6.99
115,Nevada,MWC,13-18,+4.55,106.6,102,70.2,-0.035,+6.90,106.2,99.3,+4.11
116,Temple,Amer,17-12,+4.48,102.1,97.7,66.3,+.083,+3.71,103.9,100.2,-1.69
117,Colgate14,Pat,23-12,+4.41,108.2,103.8,67.2,-0.076,-7.4,99.3,106.7,+2.10
118,Morehead St.,OVC,23-11,+4.35,103.4,99.1,64.8,+.024,-3.08,100.7,103.8,+3.68
119,Utah Valley,WAC,20-12,+4.33,102.7,98.3,65.8,-0.011,-1.13,101.5,102.6,+2.18
120,Hofstra,CAA,21-11,+3.97,108.8,104.9,69,+.060,+0.21,103.9,103.7,+5.38
,,,,,,,,,Strength of Schedule,,,NCSOS
Rk,Team,Conf,W-L,AdjEM,AdjO,AdjD,AdjT,Luck,AdjEM,OppO,OppD,AdjEM
121,Butler,BE,14-19,+3.89,102.6,98.7,63.9,+.008,+10.49,108.2,97.7,+2.00
122,Utah,P12,44885,+3.86,107.3,103.5,66.2,-0.121,+6.09,105.4,99.3,-1.26
123,Stephen F. Austin,WAC,22-10,+3.84,102.3,98.4,69.1,+.030,-1.88,101.9,103.8,+3.09
124,Liberty,ASun,22-11,+3.83,104.9,101.1,65.3,-0.034,-5.08,100.7,105.8,-0.64
125,Southern Illinois,MVC,16-15,+3.70,102.5,98.8,62.1,-0.071,+0.21,102.9,102.7,-5.76
126,Akron13,MAC,24-10,+3.62,105.6,102,62.1,+.013,-5.13,100.7,105.8,-4.48
127,Louisville,ACC,13-19,+3.59,103,99.4,67,+.001,+7.52,107.6,100.1,+1.52
128,N.C. State,ACC,44886,+3.55,109.6,106,66.9,-0.076,+6.72,107,100.3,-3.18
129,Florida Atlantic,CUSA,19-15,+3.49,105.4,101.9,67.5,-0.108,-3.06,101.6,104.7,-6.79
130,Buffalo,MAC,19-11,+3.39,106.9,103.5,71,-0.033,-3.45,101.8,105.2,+5.36
131,Abilene Christian,WAC,25-11,+3.38,104.1,100.7,70.3,+.040,-2.21,100.6,102.8,-2.82
132,Rhode Island,A10,15-16,+3.27,99.3,96,67.3,-0.089,+0.76,103.8,103,-3.07
133,UC Irvine,BW,15-10,+3.13,99.4,96.3,65.2,-0.005,-0.24,102.1,102.4,+6.25
134,Ohio,MAC,25-10,+3.12,104.2,101.1,67.6,+.034,-5.85,100.8,106.7,-4.56
135,UC Santa Barbara,BW,17-11,+3.10,105.1,102,65.6,-0.084,-5.62,99.2,104.8,-10.82
136,Texas St.,SB,21-8,+3.08,105.7,102.7,63.8,+.114,-3.17,100.7,103.8,-1.68
137,Missouri,SEC,44916,+3.01,104.1,101.1,65.6,-0.02,+10.34,107.1,96.7,+2.07
138,Montana St.14,BSky,27-8,+2.94,104.3,101.4,67.5,+.085,-6.02,101.6,107.6,-1.34
139,Seattle,WAC,23-9,+2.92,99.9,96.9,70.5,+.043,-5.77,100,105.8,-9.96
140,Nebraska,B10,44856,+2.83,105.8,102.9,71.2,-0.057,+8.56,107.8,99.3,-3.49
141,Delaware15,CAA,22-13,+2.64,107,104.3,66.7,+.038,-1.57,102.3,103.8,-3.75
142,California,P12,44915,+2.38,100.5,98.2,64.1,-0.048,+6.07,105.8,99.7,-2.67
143,Sam Houston St.,WAC,19-14,+2.31,100.6,98.3,64.8,-0.004,-1.07,101.6,102.7,+3.30
144,Charleston,CAA,17-15,+2.27,104.7,102.4,73.5,-0.035,-0.75,103,103.8,+1.38
145,Longwood14,BSth,26-7,+2.22,105.9,103.7,66.1,+.115,-7.31,98.7,106,-7.2
146,UNC Wilmington,CAA,27-9,+2.04,105.1,103.1,65.5,+.155,-2.36,102.3,104.7,-5.48
147,Yale14,Ivy,19-12,+1.98,100.7,98.8,68.8,+.063,-1.48,103.3,104.8,+0.65
148,Jacksonville St.15,ASun,21-11,+1.97,105.1,103.2,65.1,-0.005,-4.68,100.6,105.3,-0.23
149,Wagner,NEC,21-6,+1.67,101.9,100.3,66.5,+.081,-9.4,97.7,107.1,+1.43
150,Georgia St.16,SB,18-11,+1.60,101.5,99.9,67.3,+.062,-0.97,101.2,102.1,+2.05
151,Kent St.,MAC,23-11,+1.58,101.6,100,66,+.056,-3.56,102.4,105.9,+0.30
152,North Dakota St.,Sum,23-10,+1.54,102.9,101.4,66.4,+.101,-5.42,102.8,108.2,-1.84
153,Drexel,CAA,15-14,+1.52,104.5,102.9,66.4,-0.063,-1.07,103.4,104.4,+0.97
154,Cal St. Fullerton15,BW,21-11,+1.47,104.1,102.7,66.1,+.047,-2.99,100.5,103.5,-3.84
155,Coastal Carolina,SB,19-14,+1.30,102.6,101.3,67,-0.078,-2.9,100.6,103.5,+1.52
156,Georgia Tech,ACC,44915,+1.20,100.4,99.2,68,-0.021,+6.42,107,100.6,-6.33
157,South Alabama,SB,21-12,+1.18,102.8,101.6,66.5,-0.04,-4.21,99.8,104,-1.69
158,Monmouth,MAAC,21-13,+1.12,102.6,101.4,66.2,+.076,-0.59,102,102.6,+3.83
159,Winthrop,BSth,23-9,+0.89,105.9,105,68.3,+.115,-2.94,100.8,103.7,+6.22
160,Long Beach St.,BW,20-13,+0.77,103.3,102.6,70.9,+.109,0,102.5,102.5,+6.47
,,,,,,,,,Strength of Schedule,,,NCSOS
Rk,Team,Conf,W-L,AdjEM,AdjO,AdjD,AdjT,Luck,AdjEM,OppO,OppD,AdjEM
161,New Mexico,MWC,13-19,+0.73,106.6,105.9,70.9,-0.04,+4.72,104.8,100.1,+1.60
162,Southern Utah,BSky,23-12,+0.61,106.7,106.1,68.5,+.051,-5.25,100.3,105.6,+1.55
163,Saint Joseph's,A10,44884,+0.60,100.4,99.8,68,-0.085,+1.85,103.3,101.5,-1.92
164,Jacksonville,ASun,21-10,+0.49,100.2,99.7,61.5,+.047,-5.37,101.6,107,-3.25
165,Oral Roberts,Sum,19-12,+0.34,109.5,109.1,70.3,-0.027,-4.8,102.6,107.4,+2.98
166,Appalachian St.,SB,19-15,+0.26,101,100.8,64.5,+.015,-1.01,102.6,103.6,+7.01
167,Gardner Webb,BSth,18-13,+0.22,96.6,96.4,67.4,-0.029,-4.14,101.5,105.6,+2.79
168,UTEP,CUSA,20-14,+0.17,100.7,100.5,66.6,+.039,-1.69,102.1,103.8,-1.74
169,Hawaii,BW,17-11,+0.06,101.6,101.5,65.2,-0.01,-4.44,99.8,104.3,-5.4
170,VMI,SC,16-16,-0.18,110.3,110.5,68.9,-0.032,-0.28,103.7,103.9,-1.07
171,Tulsa,Amer,44885,-0.27,103.6,103.9,66.5,-0.066,+2.79,103.5,100.7,-6.08
172,Wright St.16,Horz,22-14,-0.28,106.3,106.6,68.9,+.003,-6.76,100.2,107,-0.23
173,Fordham,A10,16-16,-0.43,94.7,95.1,67.6,+.017,-0.61,103.7,104.3,-7.43
174,Weber St.,BSky,21-12,-0.48,103.3,103.8,69.5,+.023,-6.01,101,107,-0.42
175,Georgetown,BE,44737,-0.48,104.9,105.4,70.1,-0.11,+8.39,106.5,98.1,-1.94
176,Norfolk St.16,MEAC,24-7,-0.49,102.1,102.6,66.8,+.128,-10.02,95.5,105.5,-4.18
177,UC Riverside,BW,16-12,-0.58,100.3,100.9,65.3,+.004,-2.74,99.9,102.6,+2.89
178,UNC Greensboro,SC,17-15,-0.66,100.5,101.2,62.2,+.037,-1.42,104.4,105.8,-3.24
179,East Carolina,Amer,15-15,-0.86,102.7,103.5,67.7,+.074,+1.11,102.2,101.1,-8.14
180,Portland,WCC,19-15,-0.89,102.7,103.6,69.1,+.045,-1.91,102,103.9,-6.58
181,Arkansas St.,SB,18-11,-1.12,99.9,101,68.3,+.065,-3.35,100.8,104.2,-5.87
182,Samford,SC,21-11,-1.12,105,106.1,69.1,+.162,-0.91,104.3,105.2,-3.97
183,Louisiana,SB,16-15,-1.15,101.5,102.6,69.6,-0.022,-2.63,100.4,103,-2.11
184,Navy,Pat,21-11,-1.19,95.3,96.5,64.7,+.037,-6.87,100.3,107.1,+3.83
185,Massachusetts,A10,15-17,-1.22,111.8,113,69.1,+.052,+1.21,102,100.8,-2.64
186,East Tennessee St.,SC,15-17,-1.25,107.7,108.9,65.3,+.021,+1.07,105.2,104.1,+4.22
187,Texas Southern16,SWAC,19-13,-1.28,97.6,98.9,68.2,+.022,-6.25,98.7,105,+10.00
188,Oakland,Horz,20-12,-1.31,102.9,104.2,67.4,+.022,-4.65,101.4,106,+8.53
189,Bryant16,NEC,22-10,-1.32,103.8,105.1,72.6,+.112,-8.47,98,106.5,+0.01
190,Niagara,MAAC,14-16,-1.47,100.3,101.8,64.3,-0.044,-2.23,101.5,103.8,-1.26
191,Illinois St.,MVC,13-20,-1.5,105,106.5,68,-0.103,+0.42,103.2,102.7,-5.48
192,Troy,SB,20-12,-1.59,98.7,100.3,67,+.082,-2.84,101.1,103.9,-4.27
193,Cornell,Ivy,15-11,-1.62,103.4,105,71.7,+.041,-2.86,102,104.8,-1.64
194,Old Dominion,CUSA,13-19,-1.69,100.9,102.6,64.3,-0.078,-0.35,102.9,103.2,-1.07
195,Pittsburgh,ACC,44886,-1.76,99.7,101.5,64,+.050,+7.00,107.5,100.5,+0.30
196,Mercer,SC,16-17,-1.81,105.6,107.4,64.7,+.023,+0.38,104.9,104.5,+1.46
197,Cleveland St.,Horz,20-11,-1.98,103.3,105.3,67.8,-0.015,-7.97,99.2,107.1,+0.26
198,Northern Kentucky,Horz,20-12,-2.09,100.9,103,64.1,-0.004,-7.97,99.6,107.6,-4.51
199,Dartmouth,Ivy,44820,-2.43,98.6,101.1,64.7,-0.122,-1.28,103.2,104.5,+2.63
200,Bellarmine,ASun,20-13,-2.48,107.9,110.4,62,+.113,-1.46,103.2,104.7,+12.84
,,,,,,,,,Strength of Schedule,,,NCSOS
Rk,Team,Conf,W-L,AdjEM,AdjO,AdjD,AdjT,Luck,AdjEM,OppO,OppD,AdjEM
201,Charlotte,CUSA,17-14,-2.52,104.9,107.4,65.5,+.095,-1.24,102.4,103.7,-0.27
202,Valparaiso,MVC,14-18,-2.63,102.7,105.4,65.1,-0.024,+0.32,103.2,102.9,-5.49
203,Loyola Marymount,WCC,44883,-2.71,105.8,108.5,65.9,-0.003,+3.53,104.5,100.9,+1.89
204,Brown,Ivy,13-16,-2.75,100.3,103,67.3,-0.047,-0.92,103,103.9,+2.98
205,Nicholls St.,Slnd,21-12,-2.79,100.8,103.6,69.8,+.021,-7.59,100,107.6,+0.37
206,Fairfield,MAAC,15-18,-2.85,100.6,103.5,64.3,-0.072,-3.75,100.5,104.3,-7.06
207,Marist,MAAC,14-16,-2.88,100.8,103.7,66.2,-0.048,-4.13,100.5,104.6,-7.54
208,Florida Gulf Coast,ASun,22-12,-2.96,104.4,107.4,70.2,+.072,-6.07,100.2,106.2,-5.85
209,UNC Asheville,BSth,17-15,-2.97,102.3,105.3,66.8,-0.036,-5.35,100.3,105.6,-0.46
210,South Dakota,Sum,19-12,-3.05,104.4,107.5,65.7,+.058,-6.18,102.6,108.8,-5.83
211,Penn,Ivy,44911,-3.34,106.2,109.5,67.6,+.031,+0.98,103.4,102.4,+6.82
212,Tarleton St.,WAC,14-17,-3.39,99.6,103,63.1,-0.037,-0.48,101.8,102.3,+8.55
213,Campbell,BSth,16-13,-3.46,100.7,104.2,62.4,-0.046,-5.83,98.7,104.5,-1.02
214,UMKC,Sum,19-12,-3.55,100,103.5,67.4,+.058,-5.04,103.2,108.2,+0.78
215,Southern,SWAC,17-14,-3.63,96.7,100.3,69.9,-0.032,-6.16,98.9,105.1,+6.03
216,Northern Colorado,BSky,22-16,-3.82,107.7,111.5,69.6,+.100,-3.84,101.5,105.4,+7.40
217,Eastern Washington,BSky,18-16,-3.86,104.1,107.9,69.7,0,-5.21,101.1,106.3,+3.05
218,Boston University,Pat,22-13,-3.99,105.4,109.4,65.1,+.043,-7.88,97.8,105.7,-4.55
219,Georgia,SEC,44738,-3.99,106.7,110.6,68.6,-0.024,+8.00,105.7,97.7,-2.35
220,Rice,CUSA,16-17,-4.15,105.6,109.7,67.5,+.010,-2.32,101,103.3,-7.26
221,UC Davis,BW,13-11,-4.24,97.9,102.1,67.1,+.014,-6.01,99.6,105.7,-6.92
222,UT Arlington,SB,44883,-4.28,97.7,102,65.2,-0.027,+0.64,102.3,101.6,+10.44
223,Kennesaw St.,ASun,13-18,-4.32,104.7,109,66.2,-0.116,-2.13,102.2,104.3,+6.36
224,Rider,MAAC,14-19,-4.4,99.2,103.6,66.9,-0.01,-2.73,101,103.7,-4.83
225,Cal Baptist,WAC,18-16,-4.41,98.8,103.2,67.4,-0.008,-5.02,99.7,104.7,-9.44
226,George Washington,A10,44913,-4.46,99.3,103.8,68.9,+.043,+0.45,103,102.5,-3.98
227,James Madison,CAA,15-14,-4.66,102.6,107.3,68.8,+.076,-0.97,102.8,103.8,-0.08
228,Harvard,Ivy,13-13,-4.68,97.8,102.4,67.2,-0.045,-4.11,101.2,105.3,-4.77
229,La Salle,A10,44884,-4.68,98.9,103.6,67.2,-0.005,+0.14,103,102.9,-10.37
230,Indiana St.,MVC,44885,-4.78,98.3,103,69.2,-0.066,+2.52,104.5,102,-0.13
231,Quinnipiac,MAAC,14-17,-4.96,102.9,107.9,68.8,-0.029,-3.77,99.7,103.5,-10.82
232,San Diego,WCC,15-16,-5.01,96.3,101.3,65.6,+.090,+0.96,103.2,102.3,-3.22
233,Oregon St.,P12,44648,-5.36,105.4,110.8,66.6,-0.108,+8.12,106.5,98.3,+1.69
234,Howard,MEAC,16-13,-5.45,100.3,105.7,70.4,-0.058,-8.66,96.1,104.7,-2.37
235,LIU,NEC,16-14,-5.51,99.7,105.2,72.4,+.033,-6.86,98.8,105.7,+7.68
236,Detroit Mercy,Horz,14-16,-5.57,105.6,111.2,64.9,-0.019,-4.37,100.9,105.3,+3.93
237,Purdue Fort Wayne,Horz,21-12,-5.67,98.6,104.3,68.4,+.077,-8.26,99.8,108.1,-7.49
238,Marshall,CUSA,44916,-5.74,101.2,106.9,72.3,-0.017,-0.07,103.1,103.2,-0.77
239,Siena,MAAC,15-14,-5.77,98.1,103.9,66.3,+.111,-3.03,101,104,-4.61
240,UMBC,AE,18-14,-6.01,103.8,109.8,68.3,+.044,-7.19,99.8,107,-2.66
,,,,,,,,,Strength of Schedule,,,NCSOS
Rk,Team,Conf,W-L,AdjEM,AdjO,AdjD,AdjT,Luck,AdjEM,OppO,OppD,AdjEM
241,The Citadel,SC,13-18,-6.04,101.2,107.2,70.5,+.011,-0.69,104.4,105.1,-5.12
242,High Point,BSth,14-18,-6.16,98.4,104.5,66.5,-0.025,-3.83,100.7,104.5,+3.96
243,New Hampshire,AE,15-13,-6.32,103,109.4,62.3,-0.022,-8.32,98.6,106.9,-2.53
244,Southeast Missouri St.,OVC,14-18,-6.41,104.1,110.5,71.8,-0.036,-4.49,99.8,104.2,-3.79
245,Texas A&M Corpus Chris16,Slnd,23-12,-6.55,96.6,103.2,69.4,+.028,-10.92,98.3,109.2,-9.14
246,Mount St. Mary's,NEC,14-16,-6.56,96.1,102.6,63.3,-0.036,-7.3,99.2,106.5,+0.27
247,Elon,CAA,44856,-6.58,99.9,106.5,65.8,-0.055,+2.23,104.6,102.3,+8.96
248,Montana,BSky,18-14,-6.67,100.2,106.8,65.3,+.026,-7.47,100.6,108,-6.67
249,UMass Lowell,AE,15-16,-6.7,96.2,102.9,67.5,-0.063,-7.13,100,107.1,-2.22
250,Western Illinois,Sum,16-16,-6.77,100.4,107.1,70.6,-0.012,-5.9,102.6,108.5,-5.79
251,Stony Brook,AE,18-13,-6.77,104.1,110.9,68.2,+.099,-6.65,99.4,106,-1.28
252,South Florida,Amer,44796,-6.83,90.9,97.7,65,-0.015,+3.92,104.1,100.2,-3.53
253,Georgia Southern,SB,13-16,-7.3,96.1,103.4,66,+.038,-1.87,100.8,102.7,-0.51
254,Youngstown St.,Horz,19-15,-7.49,102.8,110.3,66.6,+.002,-9.69,98.1,107.7,-6.97
255,Northeastern,CAA,44826,-7.65,97,104.6,64.4,-0.064,-0.92,103.8,104.8,-0.05
256,Portland St.,BSky,14-17,-7.69,95.7,103.4,71,-0.015,-6.57,101.5,108,-0.22
257,Manhattan,MAAC,15-15,-7.73,100.5,108.2,68.6,+.097,-3.27,100,103.3,-6.38
258,Canisius,MAAC,44886,-7.8,97.4,105.2,68.2,+.045,-1.29,102,103.3,+0.57
259,Tennessee Tech,OVC,44886,-7.94,99.9,107.8,69.3,-0.086,-2.62,100.6,103.2,+3.56
260,Eastern Kentucky,ASun,13-18,-7.95,101.2,109.2,70.9,-0.12,-6.22,100.1,106.3,-5.62
261,UC San Diego,BW,13-16,-8,101.6,109.6,67.9,+.006,-4.2,99.3,103.5,-4.2
262,USC Upstate,BSth,15-17,-8.05,102.2,110.3,68.6,+.067,-3.25,100.6,103.9,+3.49
263,Presbyterian,BSth,44915,-8.06,96.4,104.5,64.1,-0.044,-2.89,101.8,104.7,+3.56
264,Lipscomb,ASun,14-19,-8.09,102.3,110.3,69.2,+.013,-3.1,101.3,104.4,+3.25
265,Alcorn St.,SWAC,17-17,-8.09,97.3,105.4,67.8,+.128,-3.83,99.4,103.3,+14.22
266,Miami OH,MAC,14-18,-8.17,103.5,111.7,67.7,-0.043,-4.95,100.8,105.8,-3.73
267,Ball St.,MAC,14-17,-8.39,101.4,109.8,69.9,+.021,-5.4,100.8,106.2,-5.98
268,Louisiana Monroe,SB,13-18,-8.4,101,109.4,67.7,+.005,-2.17,100.7,102.8,+1.34
269,Air Force,MWC,44883,-8.48,95.5,104,63.2,+.068,+1.53,103.5,102,-8.8
270,New Orleans,Slnd,18-14,-8.5,97,105.5,72.2,+.038,-8.87,99.8,108.7,-3.61
271,Loyola MD,Pat,14-16,-8.58,96.4,104.9,64.6,-0.037,-8.62,98.8,107.4,-4.7
272,North Florida,ASun,44885,-8.63,97.2,105.8,67.7,+.003,+1.24,103.8,102.6,+14.05
273,Tennessee St.,OVC,14-18,-8.63,98,106.6,67.5,-0.054,-7.07,98.3,105.4,-8.23
274,Southeastern Louisiana,Slnd,19-15,-8.72,102.8,111.5,70.6,+.109,-6.2,99.7,105.9,+1.83
275,FIU,CUSA,15-17,-8.8,97.3,106.1,66.7,+.050,-4.64,101.3,105.9,-11.13
276,Cal St. Bakersfield,BW,44792,-9.11,97.5,106.6,64.4,-0.052,-2.22,100.8,103,+0.64
277,Jackson St.,SWAC,44884,-9.2,93.3,102.5,63.7,-0.002,-4.29,99.7,104,+10.93
278,Dixie St.,WAC,13-18,-9.26,95.6,104.9,71.4,+.032,-0.4,102.2,102.6,-1.27
279,Pepperdine,WCC,44767,-9.7,97.4,107.1,69.9,-0.023,+3.31,104.1,100.8,-0.66
280,Duquesne,A10,44736,-9.85,98.8,108.7,65.9,-0.047,+1.64,103.2,101.5,-4.07
,,,,,,,,,Strength of Schedule,,,NCSOS
Rk,Team,Conf,W-L,AdjEM,AdjO,AdjD,AdjT,Luck,AdjEM,OppO,OppD,AdjEM
281,Prairie View A&M,SWAC,44792,-9.94,97.1,107,70.3,-0.034,-3.11,99.9,103,+16.98
282,Hartford,AE,44915,-10.05,101.1,111.2,67.2,-0.05,-7.77,98.9,106.7,-5.32
283,Radford,BSth,44883,-10.2,95.3,105.5,64.1,+.023,-3.27,100.9,104.2,+5.57
284,Bowling Green,MAC,13-18,-10.22,102.8,113,72.8,-0.011,-5.5,101.1,106.6,-8.17
285,North Carolina Central,MEAC,16-15,-10.34,96.7,107,67.6,+.044,-6.17,97.4,103.6,+2.14
286,Albany,AE,13-18,-10.47,92.2,102.7,65.2,+.042,-6.07,100.2,106.3,-0.63
287,Illinois Chicago,Horz,14-16,-10.52,99.4,109.9,69.2,+.059,-7.43,98.9,106.3,+0.62
288,San Jose St.,MWC,44796,-10.62,98.9,109.5,65.4,-0.007,+4.12,104.7,100.5,-2.71
289,North Carolina A&T,BSth,44915,-10.76,96.8,107.6,67.4,+.023,-3.19,100.5,103.7,+2.74
290,Binghamton,AE,44912,-10.76,94.9,105.6,67.1,-0.004,-6.47,100.5,107,-3.08
291,Austin Peay,OVC,44912,-10.83,94.8,105.6,64.6,+.066,-2.16,100.7,102.9,+6.69
292,Morgan St.,MEAC,13-15,-10.97,94.4,105.4,71.9,-0.021,-7.3,96.9,104.2,+1.87
293,Pacific,WCC,44795,-10.97,95,106,68.2,-0.048,-0.31,103.3,103.6,-3.43
294,Denver,Sum,44886,-11.08,99.8,110.9,66.4,-0.046,-5.58,101.9,107.5,-4.8
295,Army,Pat,15-16,-11.12,96.5,107.6,68.8,+.025,-8.42,98.6,107.1,-3.99
296,Western Carolina,SC,44886,-11.29,99,110.3,68.2,+.074,-0.55,105,105.5,-2.74
297,Northern Illinois,MAC,44825,-11.34,92.8,104.1,67,+.001,-2.89,102.3,105.2,+0.73
298,SIU Edwardsville,OVC,44886,-11.47,94,105.5,68.5,-0.024,-4.41,100.6,105,-1.82
299,Merrimack,NEC,14-16,-11.55,94.2,105.7,62.2,+.060,-7.61,99,106.6,-1.8
300,Coppin St.,MEAC,44827,-11.71,92,103.7,72.2,-0.017,-3.28,99.9,103.2,+5.50
301,UT Rio Grande Valley,WAC,44796,-11.8,99.9,111.7,71.8,-0.071,-1.47,100.6,102,-0.31
302,Lehigh,Pat,13-19,-12.07,98.1,110.2,68.1,-0.015,-8.72,98,106.7,-5.47
303,Grambling St.,SWAC,44915,-12.31,93.7,106,69.3,+.034,-4.46,98.6,103,+10.22
304,Stetson,ASun,44884,-12.44,96.6,109,65.7,-0.009,-3.99,101.8,105.8,-0.96
305,St. Thomas,Sum,44854,-12.51,106.6,119.1,65.3,-0.084,-4.87,101.9,106.8,-2.16
306,South Carolina St.,MEAC,15-16,-12.56,93.3,105.8,70,+.074,-8.53,97.3,105.9,-4.76
307,Tennessee Martin,OVC,44795,-12.64,96,108.7,68.9,-0.041,-2.13,101.3,103.4,+3.96
308,Cal Poly,BW,44763,-12.72,93,105.8,64.6,-0.034,-3.31,100.2,103.5,-2.7
309,Florida A&M,SWAC,13-17,-12.73,94.9,107.6,65.5,+.097,-6.24,98,104.3,+8.87
310,McNeese St.,Slnd,44887,-12.97,97.7,110.7,69.6,-0.042,-5.44,100.2,105.6,+4.80
311,Alabama St.,SWAC,44855,-13.19,97.1,110.3,69.4,-0.002,-6.05,98.3,104.4,+10.52
312,UTSA,CUSA,44856,-13.2,94.3,107.5,68.7,-0.02,-2.21,101.6,103.8,-8.18
313,Maryland Eastern Shore,MEAC,44881,-13.21,89.7,102.9,67.9,+.021,-5.49,98.3,103.8,+5.06
314,Alabama A&M,SWAC,44913,-13.5,87.3,100.8,66.6,+.034,-8.49,97.8,106.3,+2.23
315,North Alabama,ASun,44825,-13.57,90.2,103.8,67.7,-0.064,-3.34,102.5,105.9,+3.90
316,Eastern Michigan,MAC,44855,-13.6,93.7,107.4,69.2,+.025,-3.56,101.9,105.4,+0.31
317,Sacramento St.,BSky,44883,-13.72,95.1,108.8,64.3,+.008,-6.02,101.2,107.2,+0.88
318,Central Michigan,MAC,44765,-13.77,96.2,110,67.5,-0.001,-1.74,103.4,105.1,+2.93
319,Central Arkansas,ASun,44885,-14.14,98.7,112.9,71.9,+.098,-1.2,103,104.2,+8.37
320,Sacred Heart,NEC,44854,-14.17,101.3,115.5,67.4,-0.027,-8.67,97.8,106.5,-5.41
,,,,,,,,,Strength of Schedule,,,NCSOS
Rk,Team,Conf,W-L,AdjEM,AdjO,AdjD,AdjT,Luck,AdjEM,OppO,OppD,AdjEM
321,Evansville,MVC,44736,-14.19,92.6,106.8,64.1,-0.065,+2.11,104.2,102.1,-2.55
322,St. Francis NY,NEC,44854,-14.21,94.7,108.9,66.6,-0.037,-7.83,98.5,106.3,-1.67
323,Lafayette,Pat,44854,-14.41,97.1,111.5,64.8,-0.041,-7.88,100.3,108.2,-0.24
324,Idaho,BSky,44826,-14.6,99.2,113.8,70,-0.028,-4.97,100.9,105.9,+2.09
325,St. Francis PA,NEC,44825,-14.61,95.1,109.7,67.3,-0.075,-7.48,99.4,106.9,-2.03
326,Hampton,BSth,44823,-15.02,90.6,105.6,69.1,+.070,-5.46,99,104.5,-3.05
327,Robert Morris,Horz,44797,-15.16,98.4,113.6,66.7,-0.067,-6.28,100.4,106.6,+2.68
328,Little Rock,SB,44823,-15.18,96.9,112.1,66.7,+.075,-0.21,102.1,102.3,+3.90
329,Western Michigan,MAC,44796,-15.21,96.9,112.1,64,-0.024,-2.48,103.4,105.9,+4.56
330,Northwestern St.,Slnd,44827,-15.42,98.4,113.8,71.2,-0.06,-4.65,100.7,105.4,+6.27
331,American,Pat,44856,-16.2,94.4,110.6,64.9,+.003,-7.56,99.3,106.9,-3.92
332,Cal St. Northridge,BW,44765,-16.2,93.9,110.2,64.9,+.029,-1.64,101,102.6,+0.71
333,Bethune Cookman,SWAC,44825,-16.68,93.1,109.8,65.8,+.039,-6.67,97.7,104.4,+3.23
334,Northern Arizona,BSky,44827,-16.91,95.5,112.4,65.1,+.007,-5.18,101.6,106.8,+0.20
335,Milwaukee,Horz,44856,-17.04,91.7,108.8,66.8,-0.047,-8.13,99.4,107.5,-3.67
336,Bucknell,Pat,44827,-17.09,99.9,117,67.7,+.039,-6.27,100.4,106.7,-1.51
337,Houston Baptist,Slnd,44883,-17.14,95.2,112.3,68.8,-0.002,-8.68,99.7,108.4,-1.16
338,William & Mary,CAA,44708,-17.33,90.2,107.5,68.8,+.015,-1.13,102.6,103.7,-2.06
339,Idaho St.,BSky,44765,-17.54,93.9,111.4,63.9,-0.038,-4.94,101,105.9,+1.54
340,Chicago St.,WAC,44767,-17.64,95.5,113.1,65.6,+.040,-2.01,100.4,102.4,-5.14
341,Southern Miss,CUSA,44768,-17.85,94,111.8,67.1,+.034,-0.2,102.7,102.9,-1.21
342,NJIT,AE,44883,-18.31,89.4,107.7,66,+.092,-7.03,100,107,-6.65
343,Green Bay,Horz,44706,-18.52,91.9,110.4,64.7,-0.116,-6.48,99.9,106.4,+2.81
344,Nebraska Omaha,Sum,44706,-18.66,97.8,116.4,69.9,-0.055,-2.18,104.4,106.6,+3.56
345,Fairleigh Dickinson,NEC,44673,-19.7,94.8,114.5,69.6,-0.051,-5.36,99.9,105.3,+5.54
346,Central Connecticut,NEC,44797,-19.71,91.5,111.2,64.6,+.032,-6.39,99.7,106.1,-1.44
347,Charleston Southern,BSth,44737,-19.94,92.3,112.2,68.9,-0.002,-3.74,100.6,104.3,+0.38
348,North Dakota,Sum,44737,-19.95,96.6,116.5,67.4,-0.02,-5.68,102.1,107.8,-5.97
349,Holy Cross,Pat,44826,-20.07,91.2,111.3,67.1,+.059,-8.18,99,107.2,-4.08
350,Lamar,WAC,44619,-20.15,92,112.2,66.1,-0.065,-1.86,100.8,102.7,-1
351,Columbia,Ivy,44673,-21.02,93.2,114.2,69.5,-0.004,-4.16,100.9,105.1,-7.91
352,Arkansas Pine Bluff,SWAC,44766,-21.52,97.8,119.3,67.1,+.009,-3.84,98.8,102.6,+12.05
353,Incarnate Word,Slnd,44767,-21.92,94.8,116.7,64.6,-0.008,-6.39,100.5,106.9,+1.05
354,Maine,AE,44735,-22.06,92.2,114.3,66.2,-0.048,-5.75,99.9,105.7,+1.33
355,Mississippi Valley St.,SWAC,44618,-22.53,92.7,115.3,70.8,-0.1,-6.26,97.9,104.2,+4.98
356,Delaware St.,MEAC,44618,-24.29,86.2,110.5,68.4,-0.118,-6.08,98.2,104.2,-0.81
357,Eastern Illinois,OVC,44707,-25.72,83.2,108.9,64.7,0,-3.53,100.7,104.2,-2.12
358,IUPUI,Horz,44646,-31.57,79.4,110.9,62.3,-0.055,-7.84,99.6,107.5,-4.7